run_id,parent,arm,deep_parent,rises_late,extinct,ceilinged,rise_bar,fifth_decile_median,last_decile_median,first_epoch,first_depth,first_solver_cells,first_load_bearing,first_engine_depth,fifth_epoch,fifth_depth,fifth_solver_cells,fifth_load_bearing,fifth_engine_depth,last_epoch,last_depth,last_solver_cells,last_load_bearing,last_engine_depth,first_solver,first_positions,fifth_solver,fifth_positions,last_solver,last_positions,locked_subset,label
5005,4843,rise,false,false,false,false,10,10,10,62000,10,17,13,10,110000,10,18,13,10,160000,10,15,13,10,hex:7b002c5b7e217b7e3e7e3e2c5d7d5da32e212b3c3c7e2d2bb72e5d3e007d5b5b,0 1 2 3 4 5 6 7 8 9 10 11 12,hex:7b2c5b5b7e217b7e3e7e3e2c5d4a2b737ecd2d7b3e2d2b5d7b2c002c7d2b7d5b,0 1 2 3 4 5 6 7 8 9 10 11 12,hex:7b5b002c7e217b7e3e7e3e2b5d2b5d7e215b7e3e2b5b3ca32c212d2e7e003e2c,0 1 2 3 4 5 6 7 8 9 10 11 12,false,no rise in depth
5006,4843,capped,false,false,false,false,7,7,7,62000,7,11,10,7,110000,7,11,10,7,160000,7,9,10,7,hex:7b2c2c5b7e217b7e3e5d002e003c2c5b5d2c2b7b5d21217e212b2b5b5d7e2c7e,0 1 2 3 4 5 6 7 8 9,hex:2e7b2c5b7e217b7e3e5d7dc52e3c2e2b00213c3c5b7d5b5d7d7d2e006b002c00,0 1 2 3 4 5 6 7 8 9,hex:1d7b2c5b7e217b7e3e5d7b2c2c7ef3032c3e2e7b2d00215d5b7b2b3e7d2e5be2,0 1 2 3 4 5 6 7 8 9,false,no rise in depth
5007,4843,none,false,false,false,false,7,0,0,62000,0,5,1,0,110000,0,7,2,0,160000,none,,,-1,hex:217d005b5b2b2c7b012e217e2c7b3e2c2e7d7e002e2e5b2d00003c3c217e2121,28,hex:3c212c5b2e2e5d2c5d2e5d2e7b2b7b3c3e002d2d2e2e2e5d3e7d7e215b2d1e7b,0 1,,,false,unread
5008,4844,rise,false,false,false,false,6,6,6,62000,6,10,13,6,110000,6,12,12,6,160000,8,15,15,8,hex:7f617b3e7b2c5b7e212e3c7e5d2d7e3c3c2d7b2b2e2d5d2b213e003c3e002e3e,0 1 2 3 4 5 6 7 8 9 10 11 12,hex:5b3e7bda2c7b5b7e2e213c7e5d7d7d2e5b3e5b005d7b2b2e2e2b2b7d1e5d2e21,1 2 3 4 5 6 7 8 9 10 11 12,hex:007b2c5b7e7b5b7ec2003e7e7b215d005db12e5de45d3c5d2d5b003c5b5d2b2e,0 1 2 3 4 5 6 7 8 9 10 11 12 13 14,false,new code
5009,4844,capped,false,true,false,false,6,6,7,62000,1,7,3,0,110000,6,10,11,6,160000,7,8,13,7,hex:7b9a7b003e2c5b7e212e3c7e5d7e7e5bb82e3c7b7e2c2d7b5b7d2c7b3c7e2d2c,5 7 8,hex:2d3e2c7b2c7b5b7e212e3c7e5d3c003e2e997d2b5b005d7b2c2e5b210021005b,1 3 4 5 6 7 8 9 10 11 12,hex:2c7b2d2c2c2e5b7e217b7e3e5d217b21213e7e2e2b2d2d213c2d7d2b2c2e2e2c,0 1 2 3 4 5 6 7 8 9 10 11 12,false,new code
5010,4844,none,false,false,false,false,4,0,0,62000,0,5,2,0,110000,none,,,0,160000,none,,,-1,hex:3c217b7e2c2dfb2c5b7b3e7d2e7e2c7e5b3e5d2b5b7e213c7b5b7d5b5d2b5b3e,0 1,,,,,false,unread
5011,4845,rise,true,false,false,false,8,8,8,62000,7,12,13,7,110000,8,13,13,8,160000,8,14,13,8,hex:2b2dde7b3c5b2e7b7e3e7e215d2e2c2d2d2c2d5d5b7d2d2c2cd6207b3c3c3c7e,0 1 2 3 4 5 6 7 8 9 10 11 12,hex:5b005b7b2c7e5b7b7e3e7e215d3c3e7b213c5d7e7b5b005b5d5d2b2b212d212e,0 1 2 3 4 5 6 7 8 9 10 11 12,hex:2e2c2e7b2c7e5b7b7e3e7e215d5b212c2b2b2e7d5d21002c2d2ee221217e5b2d,0 1 2 3 4 5 6 7 8 9 10 11 12,false,no rise in depth
5012,4845,capped,true,false,false,false,8,8,8,62000,1,7,5,1,110000,8,10,13,8,160000,8,15,13,8,hex:2b2b3c7b5b7b7e7b7e3e7d215d2b2d7b3e7d7b2e5b5b3e5d002d2dfe7b002c2e,2 3 6 8 11,hex:2c5b2d7b2c7e5b7b7e3e7e215d5bf4217b7d5d2e3e2e3e5b5b7d7d3e3e7e7d00,0 1 2 3 4 5 6 7 8 9 10 11 12,hex:2d2c2d7b2c7e5b7b7e3e7e215d00cf2b5d2c5b7bce2e003e5b7d5b2e477d0021,0 1 2 3 4 5 6 7 8 9 10 11 12,false,no rise in depth
5013,4845,none,true,false,false,false,5,0,0,62000,0,6,2,0,110000,none,,,-1,160000,0,7,2,0,hex:003c7e3c00002100c83c2c7d2d003a5b3e2b002d7d2b2b5d2d2d283e2d7b7b5d,3 6,,,hex:5b3c00213c2c7e2d7e3c007d2c0021002d2e005d5b3c2e002e3f2b003e212d7e,1 3,false,unread
5014,4852,rise,false,false,false,false,10,10,10,62000,0,5,2,0,110000,10,16,13,10,160000,10,14,12,10,hex:21002d2bb5d5002c212b2e3c5b7d212b2d3e2b5b3e2c215d2e253c7d21007e21,11 14,hex:7b2c5b7e217b7e3e7e3e2c005d5b5dfe7dde2b2d2c002b3e007bab7d7e2bde7d,0 1 2 3 4 5 6 7 8 9 10 11 12,hex:7b5b2c7e217b7e3e7e3e2b5d2d002b3c3e2d3e5b5d5d7b21003e21217d215b2d,0 1 2 3 4 5 6 7 8 9 10 11,false,no rise in depth
5015,4852,capped,false,true,false,false,4,4,7,62000,0,7,4,0,110000,4,8,9,4,160000,7,12,9,7,hex:7b7b7e3e5b002c3d7d212cb92c7d2e7d3c7b7b7dac7e2c1a5d3e007e5d5d5d5b,0 1 6 9,hex:002d5b7b7e212e2c5d2d657e2e7d5b005b2e2b2d7e7d7b3c3c5d2b7e7e213e2d,0 1 2 3 4 5 6 7 8,hex:7b3c5b7b7e3e7e215d7d7d21215d7d7b7d2e212c7d2c5d2c5b3e2d3e5dcd7e7d,0 1 2 3 4 5 6 7 8,false,co-option
5016,4852,none,false,false,false,false,4,0,0,62000,0,5,7,0,110000,0,6,4,0,160000,0,6,2,-1,hex:2c3c2d2e002c213e3e2d213e2c5b7b2100003e3e2d3e3e2d002c2b7b212c2c7e,0 1 3 7 25 26 28,hex:2b3e7d2b3e2c2e3c2cea5b2b2e3e5b2d7d2e7e2b3c3c21212c2d053c2ee83c3c,7 18 20 21,hex:3c217b9f3c002d653e3c7d5b005b2c2c7e005b005b213e3e7b2e5b5b002d217e,0 1,false,no rise in depth
5017,4853,rise,false,false,false,false,10,10,10,62000,10,15,14,10,110000,10,18,15,10,160000,10,16,13,10,hex:7be42c5b7e7b217e3e7e3e2ca45d212b007b002c5d3c087b2b3c007b7e2d2b3c,0 1 2 3 4 5 6 7 8 9 10 11 12 13,hex:7b5b2c2e7e7b217e3e7e3e2c2c2d5d3edc2cad2d2b007b3e2e2c3e3e2c9a5d3c,0 1 2 3 4 5 6 7 8 9 10 11 12 13 14,hex:7b5b2c2c7e7b217e3e7e3e2b5d7e005d2e217d7b3e7b7b5b2c5d5d2e005d5d7d,0 1 2 3 4 5 6 7 8 9 10 11 12,false,no rise in depth
5018,4853,capped,false,true,false,false,7,7,8,62000,7,9,10,7,110000,7,9,10,7,160000,8,9,12,8,hex:7b2c005b7e7b217e3e5d3e7e217b5b2d2d7d2e7d000d3c2d7d2b2e2e7d003e2c,0 1 2 3 4 5 6 7 8 9,hex:007b2c5b7e7b217e3e5d7d2c5b3e5b2c5b5c7b3e5d00215d003c3e747e2b2e3c,0 1 2 3 4 5 6 7 8 9,hex:2e007b2c7e5b7b7e3e7e215d007d212ec92c34217d7b2b7d5b753e2d002c7e00,0 1 2 3 4 5 6 7 8 9 10 11,false,new code
5019,4853,none,false,false,false,false,7,0,0,62000,0,6,2,0,110000,0,6,0,0,160000,0,6,1,0,hex:3e2e5bf6217e5b7d3c7b217e5d2c2ce07d7d7d7d7d215dff2d7b7b7b7b7d2e2d,8 10,hex:7b2b3e7b2c21fa5b21003c3e5b2c7d7b2c212e5b212b7b3c3c007e5b3e212c7e,,hex:002c3c7e2c212c005d2c3c2e21212c2c5d2d2d2b2c5d2d4f2c3e213c6f5b205d,0,false,no rise in depth
5020,4854,rise,false,false,false,false,10,10,10,62000,0,7,2,0,110000,10,17,12,10,160000,10,16,13,10,hex:7b8a5b213e21003c212b2d2d7b3c7b00212d3c5d9a3e2b2d2d552b2c003c2b3c,7 13,hex:7b5b2c7e7b7e3e7e3e212b5d5b00b47b3e2d3e7e00002e2e2c00002c2cb71f7b,0 1 2 3 4 5 6 7 8 9 10 11,hex:7b5b2c7e7b7e3e7e3e21002b5d7b2c212c3e3c1e007b2b3e5d5b2d5d2e2b9e7d,0 1 2 3 4 5 6 7 8 9 10 11 12,false,no rise in depth
5021,4854,capped,false,false,false,false,8,8,8,62000,0,7,2,0,110000,8,10,13,8,160000,8,10,12,8,hex:7b2e3c7b2c2d3c5b21217b5d00212d2d7d7d7d7e5d2c3e5b2d2b7b003e2e2e3e,2 6,hex:3e7b3c2c7e5b7b7e003e7e215d5b2b2d2e2d2c2d3e3e7e3c3e2e2e7d003ec500,0 1 2 3 4 5 6 7 8 9 10 11 12,hex:5b2e7b2c7e5b7b7e3e7e215d7d2e7b5b2b007e2b7e5b3cae2b7e3c7b7e7d3c2d,0 1 2 3 4 5 6 7 8 9 10 11,false,no rise in depth
5022,4854,none,false,false,false,false,4,0,0,62000,0,5,3,-1,110000,0,5,2,-1,160000,0,5,3,0,hex:2b3c2b2c7d3e212d3c2b213c215d2e3e3e7e5d5b2b3c3e3c3e3cf12e2ec65b3c,8 11 12,hex:3c21643e7d212d2d3c3c7e2b2d005b215d212b3c005d2e7e5b7b7b2b2e7b5b2c,0 1,hex:00d87d3c3e3c217d2d2c21213e5d2e003e003e5b7b7e3c7b3e00003c7e5b5b2e,3 5 6,false,no rise in depth
5023,4861,rise,false,false,false,false,10,10,10,62000,10,19,15,10,110000,10,16,15,10,160000,10,15,15,10,hex:7b5b2c2b2d5b7e7b217e3e7e3e2c5d2d007b2d2c2e5d7b7b3c2c2e8d7b2d7d21,0 1 2 3 4 5 6 7 8 9 10 11 12 13 14,hex:5b7b005b882c7e7b217e3e7e3e2b5d3e5d2d2e2b2b217b3c955d7e1e2d3e7e2b,0 1 2 3 4 5 6 7 8 9 10 11 12 13 14,hex:7b2c5b2cf52c7e217b7e3e7e3e2c5d2e7b3e2e5be22d243c5b5d7b005d5d00da,0 1 2 3 4 5 6 7 8 9 10 11 12 13 14,false,no rise in depth
5024,4861,capped,false,false,false,false,7,7,7,62000,7,11,12,7,110000,7,8,12,7,160000,7,9,12,7,hex:2d7b2b5b2c5b7e7b217e3e5d5d5b003e2c212e2c2d2b00213c2d212e007d7b5d,0 1 2 3 4 5 6 7 8 9 10 11,hex:2b2c007b2c5b7e217b7e3e5d7d7e5ba12b21213c2d2e7e2e217b2d5d7db72d3c,0 1 2 3 4 5 6 7 8 9 10 11,hex:5b2b5b7b2c5b7e217b7e3e5d212e2c2e5d2e7d7b2d7b7b3c3e7d3e7d215b7e00,0 1 2 3 4 5 6 7 8 9 10 11,false,no rise in depth
5025,4861,none,false,false,false,false,7,0,0,62000,0,5,2,0,110000,0,4,5,-1,160000,0,6,2,0,hex:7b3e7e3c5b7b7b217e21212d21003e7e003e2d5d005b3e2e5b217b2d7b5d003c,2 3,hex:21212b7b165b5b217d007e2c3e2e3e1e2e002d3c2e7b002c7e282d2d3c3e3c21,19 24 28 30 31,hex:2d2c7d3c213c007e2e2c7b217b2d7d2c002c2e3e5d7e2d7d212d2c2d2e7e5d3e,3 4,false,no rise in depth
5026,4862,rise,true,false,false,false,8,8,8,62000,7,12,11,7,110000,8,12,11,8,160000,10,12,12,10,hex:a87b3c5b2c7b7e3e7e215d2d7e215b7d665d5d2b7b213e7e2c212d2c2b7d7b7d,0 1 2 3 4 5 6 7 8 9 10,hex:2c7b2c7e5b7b7e3e7e215d7e2e3e7b5d7b53003c5d2c5b2d00403c7b2c5d5d7d,0 1 2 3 4 5 6 7 8 9 10,hex:7b5b2c7e217b7e3e7e3e2b5d213e3e2e7b2c2e7d2e00002d003e7d5b215d7e2d,0 1 2 3 4 5 6 7 8 9 10 11,false,neither
5027,4862,capped,true,false,false,false,8,8,8,62000,7,9,11,7,110000,8,11,11,8,160000,8,16,11,8,hex:2b7b3c5b367b7e3e7e215d2c3e972d5b5d5d2b2c7b3e3c2e7e2d2d3c21447e2e,0 1 2 3 4 5 6 7 8 9 10,hex:2c7b2c7e5b7b7e3e7e215d7e2e7e215ba07d2b3c2d3e2d3c212b7d5b7d7e7d5d,0 1 2 3 4 5 6 7 8 9 10,hex:5b7b2c7e5b7b7e3e7e215d2ec35d217d217b7e2e7d2c5d7b002c3c5b2c21003e,0 1 2 3 4 5 6 7 8 9 10,false,no rise in depth
5028,4862,none,true,false,false,false,5,0,0,62000,none,,,-1,110000,0,6,1,0,160000,0,4,1,0,,,hex:cf7d212c3c215b7d212b3e5b7b3e7d4b3e2c7d217e007b3e2e7e7d2e7b5d5d3e,4,hex:005b2c212e7b7b5d7b3e7e013c7b213c5b2b5d3c5b212c002c21002d5b5b2b2d,7,false,no rise in depth
5029,4863,rise,true,false,false,false,9,9,9,62000,9,12,12,9,110000,9,17,12,9,160000,9,10,12,9,hex:3c2e3c3c5b7e7b7e217b7e5d7b007b21005b7d7d3e3e007e7b5d2d2e7b21007d,0 1 2 3 4 5 6 7 8 9 10 11,hex:3c2e3c3c5b7e7b7e217b7e5d2c2d565b7b2b3c7e3e2c7b7d007e5d5d3c2b215b,0 1 2 3 4 5 6 7 8 9 10 11,hex:3c2e3c3c5b7e7b7e217b7e5d932d3cc3217d33212c7b217e7e217e2e2e7e895b,0 1 2 3 4 5 6 7 8 9 10 11,false,no rise in depth
5030,4863,capped,true,false,false,false,7,7,7,62000,7,9,12,7,110000,7,9,12,7,160000,7,13,13,7,hex:3c7b2c5b3e2c2e7e217b7e5d7d2dad2c2e3e2d5b212e5b2c797d7d2b2d2e2d3c,0 1 2 3 4 5 6 7 8 9 10 11,hex:d97b3c1a5b3e2c7e217b7e5d2c2e2c3e7b5d2b2e2d2b3e3e7e3c7d7b2e7b3e6f,0 1 2 3 4 5 6 7 8 9 10 11,hex:7b3c7b7e5b3e7e2e217b7e005d7d18005b5d5b7e215d3e7e7b7e3e2b302d217b,0 1 2 3 4 5 6 7 8 9 10 11 12,false,no rise in depth
5031,4863,none,true,false,false,false,5,0,0,62000,0,7,5,0,110000,none,,,-1,160000,0,6,2,-1,hex:7e2d002d5b2c7d7d2b2d7d3c00007b3c2e7e3c3c2b5b3e215b3e5d3c2c21002b,16 20 26 28 29,,,hex:7d5b7d217e7d3c2e215b7b5b2b7b7e00ff7d2e5d3c7d3c2d2d7d2b7b2e2e7b5d,6 8,false,unread
5032,4870,rise,false,false,false,false,10,10,10,62000,10,16,14,10,110000,10,18,13,10,160000,10,21,13,10,hex:7b5b2c5b7e7b7e3e217e3e2c005d7b212c2e2e5d2e2b3e3c007e3c5b2e2d7b2c,0 1 2 3 4 5 6 7 8 9 10 11 12 13,hex:7b2c5b2c7e7b7e3e217e3e2c5d3c8c3c2b213e2b5b917e2e5b2b5b7b3c3c713e,0 1 2 3 4 5 6 7 8 9 10 11 12,hex:7b5b2b2c7e7b7e3e217e3e2c5d5d003e2c5d5b7d2ba1213c5d217b2b7b2c2b5d,0 1 2 3 4 5 6 7 8 9 10 11 12,false,no rise in depth
5033,4870,capped,false,false,false,false,7,7,7,62000,7,10,10,7,110000,7,11,10,7,160000,7,10,10,7,hex:7b2b2c5b7e7b7e3e215d2b3e212c2b2b21d27e2d7e2b2d755b5d2b3e215b2c2c,0 1 2 3 4 5 6 7 8 9,hex:2c7b2c5b7e7b7e3e215d215d5d3c3cef2b7e5b3e5b2e7e2d002b5b212d2d7e00,0 1 2 3 4 5 6 7 8 9,hex:5b7b2c5b7e7b7e3e215d7e2e215d5d3e003c217b802d2b423e2d5bd4f87b7b21,0 1 2 3 4 5 6 7 8 9,false,no rise in depth
5034,4870,none,false,false,false,false,7,0,0,62000,0,7,2,0,110000,0,4,2,0,160000,0,5,2,0,hex:3c213e5d7b7d3c2d7d2d002c2cc27b7d3e003c7d2d5d217d7e3e7d2b7d5d7d3e,0 1,hex:2d007b3c7b212c5d2b7e2e7d7d2e5b7d3c315b3c2e2c3c00007b5d7d7b7d7e00,3 5,hex:7b3c2b3c5b3c2d7b2b2c215d3e3e2d5d7d2c7d3c2b007e2c3e5b7e007b7d3c7d,7 10,false,no rise in depth
5035,4871,rise,true,false,false,false,8,8,8,62000,1,7,3,0,110000,8,14,10,8,160000,8,12,10,8,hex:3c3c3c5b7b7e212e5d215d002d7b2b2e7b7d2e2b007d2b5d21ad212d3c7b2c7e,4 5 6,hex:7b2c7e5b7b7e3e7e215d7e5b5b2b7e2d7b2b3ed3007e3c3c6d212c6f7e2d3c7b,0 1 2 3 4 5 6 7 8 9,hex:7b2c7e5b7b7e3e7e215d005b7e5c215d2d9d3c2121002d5d2e2d2e5b2d215d00,0 1 2 3 4 5 6 7 8 9,false,no rise in depth
5036,4871,capped,true,false,false,false,8,8,8,62000,0,7,3,0,110000,8,11,11,8,160000,8,10,11,8,hex:002b7e5b3e5b2c2b007b2c21742b7b003c3c2b7b042d00da2d5dc0025d003c7e,1 10 11,hex:7b2c2c7e5b7b7e3e7e215d3c2c3e2b2b3c7d3e7b005d3c2e5b7b292e3e5b3e7b,0 1 2 3 4 5 6 7 8 9 10,hex:2e7b2c7e5b7b7e3e7e215d002d213e5b2c2cdc7b2c3e3c7e5d3e3f215b5b2d7d,0 1 2 3 4 5 6 7 8 9 10,false,no rise in depth
5037,4871,none,true,false,false,false,5,0,0,62000,0,5,5,-1,110000,0,4,1,-1,160000,0,6,4,-1,hex:2c2b2c00fa2d001a2d00693c2e7b4d2e3e3e7d3c3e3c2e2100942c5d7d2e2d2b,11 12 19 21 23,hex:003c215b215b3e2b5d5b7d3c2d2d2e5db200003c2e7d3c2e7b7b009b2b00212e,1,hex:7e7b2c3e7b3e2c213c5b2b2eed005b2b00213e2d2d3c2e212e2d2d7d2d2e3c7d,1 4 6 7,false,no rise in depth
5038,4872,rise,false,false,false,false,10,10,10,62000,6,9,13,6,110000,10,17,14,10,160000,10,15,15,10,hex:3e7becb82c7b5b7e212e3c7e5d7e2b7d7b003c002d2e7e2b7b3e21002c7b2e5d,0 1 2 3 4 5 6 7 8 9 10 11 12,hex:2b7b003c5b3e2c7e7b217e3e7e5d2c2d7e2b5d00002d005b7a5b8b5d00005b2c,0 1 2 3 4 5 6 7 8 9 10 11 12 13,hex:002e3c7b5b3e2c7e7b217e3e7e2e5d7d7b212c2c002d002e5d7e7e007d7d5b3e,0 1 2 3 4 5 6 7 8 9 10 11 12 13 14,false,no rise in depth
5039,4872,capped,false,false,false,false,8,8,8,62000,6,7,13,6,110000,8,9,10,8,160000,8,11,11,8,hex:8b7b7b3e2b2c5b7e212e3c7e5d7b5b2c2c2d5b005d7e7b5b212c2c2b5b7b215d,0 1 2 3 4 5 6 7 8 9 10 11 12,hex:7b2c7e5b7b7e3e7e215d3c5b2e005d002121053cd92c2d7d925b2b007d5d003e,0 1 2 3 4 5 6 7 8 9,hex:7b2c7e5b7b7e3e7e212c5d2d7e2d2b5d21002b5b3c5b3e7e7e212e2bfa5d2e3e,0 1 2 3 4 5 6 7 8 9 10,false,no rise in depth
5040,4872,none,false,false,false,false,4,0,0,62000,0,6,1,0,110000,0,6,4,0,160000,0,5,5,-1,hex:2c212c2c2e3c007e5b212c007b217d472d3c215d2d2d005d5d7e2e2e3e2e3c00,17,hex:003e7b005b3e5b2c2e213e3e002c2e007e2c2c7d2d003e7e7b2c007e2e2e7e7e,1 2 7 9,hex:7d1d5b7d3e7e3c9d7e2c3e002dda2e3c5b7e3c7d213e2c7b2b117e3c3e7ded2c,4 10 18 19 20,false,no rise in depth
5041,4879,rise,false,false,false,false,10,10,10,62000,7,10,13,7,110000,10,14,16,10,160000,10,14,18,10,hex:2e7bab2c005b7e787b217e3e5d022b7e5d2c2e3c5d215bdd002c7e007b2e5d2c,0 1 2 3 4 5 6 7 8 9 10 11 12,hex:7b5b2b2c2b2d2c7e7b217e3e7e3e2b5d2c3c7b7e2b7e007e7b3c2c275b3c3e5d,0 1 2 3 4 5 6 7 8 9 10 11 12 13 14 15,hex:2d2b2c7b2d5b2c7e7b217e3e7e3e00b52b5d3e7d7b7c2b5d002d003e7e9a7b3e,0 1 2 3 4 5 6 7 8 9 10 11 12 13 14 15 16 17,false,no rise in depth
5042,4879,capped,false,false,false,false,7,7,7,62000,0,5,4,0,110000,7,8,11,7,160000,7,9,11,7,hex:2e007d45212e3e7b219121a72d7b2c21662c2e5b3e2d3e3e5d3e7d3c7b212e2c,7 13 14 15,hex:00007b2c5b7e7b217e3e5d2e3e5b7bd07d0b602e3e7b003c7b213c003c3e7b2b,0 1 2 3 4 5 6 7 8 9 10,hex:13b07b2c5b7e217b7e3e5d3e7b5dd65d212d002c3c2e217d7d7b003e2c7d7e5d,0 1 2 3 4 5 6 7 8 9 10,false,no rise in depth
5043,4879,none,false,false,false,false,4,0,0,62000,0,5,0,-1,110000,0,7,2,0,160000,0,6,2,0,hex:3c7b212c7d7d213c3e5b3c7b21007b5d5b7d3c7b3d14003c7d7d7b213c2b2b7b,,hex:5b002d3d2b7b212d5b2b5b212b2b002e007e3cd7c87b217b5b7e215b2b7d2d2b,17 18,hex:5b2c2e2d2e00007e3c00212e7b2b3e215d2d5d3e5d7b2b21007e2e3e212d3e2e,8 10,false,no rise in depth
5044,4880,rise,false,false,false,false,10,10,10,62000,7,10,10,7,110000,10,20,13,10,160000,10,21,13,10,hex:2c7b2c5b7e217b7e3e5d215d00212e2c2c212c3b3c2d2b217b2e7b2d2e3c3c3c,0 1 2 3 4 5 6 7 8 9,hex:7b2d5b2c7e217b7e3e7e3e2b5d7b2c5d2d253e7d003c213e217dfc2e5d7b2e2c,0 1 2 3 4 5 6 7 8 9 10 11 12,hex:7b005b2c7e217b7e3e7e3e2c5d3e3e002e00507e7dfc2e2d3c2b7e2e7d5d7e3c,0 1 2 3 4 5 6 7 8 9 10 11 12,false,no rise in depth
5045,4880,capped,false,false,false,false,8,8,8,62000,7,9,10,7,110000,8,9,12,8,160000,8,14,12,8,hex:007b2c5b7e217b7e3e5d2c2e703e3c2c2d5d7d5d2b3c7d477b003c3c9a2d5b7e,0 1 2 3 4 5 6 7 8 9,hex:0c2b7b2c7e5b7b7e3e7e215d5d002e2d7e5b003e217e5b3e7e7e2e5b2b212d21,0 1 2 3 4 5 6 7 8 9 10 11,hex:902c7b2c7e5b7b7e3e7e215d217e2c7e2d7b5b7e7b2d3e2e2e212c7d3c2e7d5d,0 1 2 3 4 5 6 7 8 9 10 11,false,no rise in depth
5046,4880,none,false,false,false,false,7,0,0,62000,0,5,2,0,110000,0,6,2,0,160000,0,6,2,0,hex:2d21212c005b2c7d2e3c21005d2e2b2c3e3e00212c5b217b2c012b005b7d3c21,9 10,hex:3e3e7e2b7b7e3c2d2e5b2c2c212c3c7b2d2b3e437b5d2b2c3e5d003c7d2d2b7b,9 12,hex:3c3e5b2b7d7d3c7e3c215d7b7b2b3e7eed5b00f93c093c2c5b3e217e3ed4005d,8 9,false,no rise in depth
5047,4881,rise,false,false,false,false,10,10,10,62000,7,11,10,7,110000,10,15,14,10,160000,10,15,14,10,hex:7b222c5b7e7b217e3e5d5d5d213e005b5d213c7d212c5d3e3c2b7d2e5d212e2d,0 1 2 3 4 5 6 7 8 9,hex:457b2c5b7e7b217e003e7e3e2c5dfe2e2b2c7b002d2c7b21cf7e3e5d2c7e5b3e,0 1 2 3 4 5 6 7 8 9 10 11 12 13,hex:7b5b2c2e7e7b217e743e7e3e2b5d5b213c2e5d5d63d12b5d2c215b2b2b135ba2,0 1 2 3 4 5 6 7 8 9 10 11 12 13,false,no rise in depth
5048,4881,capped,false,false,false,false,7,7,7,62000,7,9,10,7,110000,7,8,10,7,160000,7,14,10,7,hex:d77b2c5b7e7b217e3e5d2d3c215b5b3c5b7d5b215d7b3e7d2d5d213e797e5b7b,0 1 2 3 4 5 6 7 8 9,hex:007b2c5b7e7b217e3e5d5d967eac5d2d215b217b2e7b005b3e2b2e5b7e217e3c,0 1 2 3 4 5 6 7 8 9,hex:697b2c5b7e7b217e3e5d7b7d3e5da17d3ef67d5b002e7b2c003e3c2c002b3e00,0 1 2 3 4 5 6 7 8 9,false,no rise in depth
5049,4881,none,false,false,false,false,7,0,0,62000,0,6,6,0,110000,0,5,8,-1,160000,0,5,2,0,hex:2c177d3e2e7d3c7d2c2c3c3e7b003c7e3e21003c3ef67d002e852d305d7b7bf0,6 10 14 15 16 17,hex:2b2e2c4e2b7b7b7e2d3c7d5b2e3e7b21dbd17e2c3c2b24212b2100002e2b7b2e,5 6 7 9 10 11 12 15,hex:213c215d2b7e7e005b0021002c2d5d5b2b5b2d2d3c2e007e7e2d3e5bc15b2e00,1 2,false,no rise in depth
5050,4888,rise,false,false,false,false,10,10,10,62000,10,16,13,10,110000,10,21,13,10,160000,10,15,12,10,hex:7b2c5b7e7b217e3e7e2e3e2c5d7e5b3c2b2d3e7b2e7b5d7e3c00d63c2c2b7b00,0 1 2 3 4 5 6 7 8 9 10 11 12,hex:7b2c5b7e7b217e3e7e3e2c355da76a2cc52d7e7d7e7d2c5d5d0f5b3e7b2c212d,0 1 2 3 4 5 6 7 8 9 10 11 12,hex:7b5b2c7e7b217e3e7e3e2b5d3c7b7b5b2e3e5bec2e3e2e3c2d217d212e2e3c2c,0 1 2 3 4 5 6 7 8 9 10 11,false,no rise in depth
5051,4888,capped,false,false,false,false,7,7,7,62000,7,9,9,7,110000,7,10,9,7,160000,7,9,9,7,hex:7b2c5b7e7b217e3e5d212d7b7d2b7e2d3c2e5d7d7e2d7b7b7d7b2e5b2c7e3e7d,0 1 2 3 4 5 6 7 8,hex:7b2c5b7e7b217e3e5d3c5d2d3e323c7d2e2e7d2e2c2e3c3c2c5b215d7e3c7b7d,0 1 2 3 4 5 6 7 8,hex:7b2c5b7e7b217e3e5d2c007e5b3e5d2c2b935d2c2d2c00e8212e3c21602e3c7e,0 1 2 3 4 5 6 7 8,false,no rise in depth
5052,4888,none,false,false,false,false,7,0,0,62000,none,,,0,110000,0,5,4,0,160000,0,5,1,0,,,hex:7e3c7b5b2e5b7d7d3efa00217b2d3e7b212c5d2b3e7b2d3e7d5b7b3c215b7d7e,0 1 4 11,hex:3c2146212d2ef52d2100212d5d7e217a215d2b3c7e2c5d002e7d217d5d2c5d2d,0,false,no rise in depth
5053,4889,rise,false,false,false,false,10,10,10,62000,4,7,10,4,110000,10,17,14,10,160000,10,17,14,10,hex:7b2c005b5b7e217b005d2c2b5d2e7e2e2e2d2d7d007d3e5b66c42b7ed72c2c2d,0 1 2 3 4 5 6 7 8 9,hex:7b5b5b5b2c7e217b7e3e7e3e2b5d217e2d212e7e7b215b2e5d5b5d5d7d7e3e3e,0 1 2 3 4 5 6 7 8 9 10 11 12 13,hex:7b5b5b2d2c7e217b7e3e7e3e2b5d2b3e3c7b3ebc3e3c217e5b003c2d3e7e3c7b,0 1 2 3 4 5 6 7 8 9 10 11 12 13,false,no rise in depth
5054,4889,capped,false,false,false,false,7,7,7,62000,4,10,8,4,110000,7,8,10,7,160000,7,12,10,7,hex:7b2c6d5b7e7b215da82b065d2e3c572caf5ba42bb02c7b7e7ebc2c2d7d7b0000,0 1 2 3 4 5 6 7,hex:2c7b2c5b7e7b217e3e5d212e217db33c2e7ba2bf7d7e002e3cda002e3e2d5b5d,0 1 2 3 4 5 6 7 8 9,hex:007b2c5b7e7b217e3e5d3c2e007d2b7d3c5b7e5b962d5d3e2d213e003c213e5b,0 1 2 3 4 5 6 7 8 9,false,no rise in depth
5055,4889,none,false,false,false,false,3,0,0,62000,0,5,3,0,110000,0,5,6,-1,160000,0,4,9,0,hex:1f2c3e217d7b5b3c21007e5d215b065b7d3c215d3e3e3e3ced2b2b2d7d2c5b2b,6 7 8,hex:2c2c3e2e3e2b7d005b2e3e2c007e2b3d5b2b3c5b2b5d002d2b7b7b2c7b7b0021,19 20 25 26 27 31,hex:003e7e212c7d7b2b2c2b2d5d7e3c21217b2e5b667e7d3e7e00212b2c215b2b21,0 3 4 5 6 7 9 10 13,false,no rise in depth
5056,4890,rise,true,false,false,false,10,10,10,62000,0,6,3,0,110000,10,19,18,10,160000,10,20,18,10,hex:5b3c2e622b727e3c3c2e3e212c407b392d7d2cc32d7e5d3c7d3c7b2b2b3e2c3e,7 8 11,hex:002c7b2c7e7b7e7b7e3c7b5b7e7d217e2e5d00007b2d0300217e7b3c2c2b2e7e,0 1 2 3 4 5 6 7 8 9 10 11 12 13 14 15 16 17,hex:2c007b2c7e7b7e7b7e2e7b5b7e7d217e2e5d2e2d5b013ee45b3e3e7b5d3e7d3c,0 1 2 3 4 5 6 7 8 9 10 11 12 13 14 15 16 17,false,no rise in depth
5057,4890,capped,true,false,false,false,8,8,8,62000,0,5,2,0,110000,8,10,13,8,160000,8,9,13,8,hex:2b7e2e2d3c212c00217b3cc12b210e2b7b2e212e7b21215d5b7bef2e3c5b5d5b,4 5,hex:7b002c2c7e7b5b7e3e7e7b215d3e7e3e2c2e2cc32b213e217e2b5b3e7eb83c21,0 1 2 3 4 5 6 7 8 9 10 11 12,hex:5b2c7b2c7e7b5b7e3e7e7b215d3c2c3e2b7e2e213c7d2b005b2c2daa7e2e2b5b,0 1 2 3 4 5 6 7 8 9 10 11 12,false,no rise in depth
5058,4890,none,true,false,false,false,5,0,0,62000,0,5,2,-1,110000,0,6,0,0,160000,0,5,3,0,hex:217b005b2bfa2c2c217e2e5b005b5d3c5d7d2e5b007d3e5d3c212ef77b2c5d2d,1 8,hex:3c2e00212d3e217b5b2c2b7e5b3c7e213e005b2c213c3e21210021717d7b7e7d,,hex:2d2eb53c3c3c2d102c5b7d2b2d2b2e2e217d5b3c7b21002c5b2c3e003c5d003e,19 20 21,false,no rise in depth
5059,4897,rise,false,false,false,false,10,10,10,62000,7,10,10,7,110000,10,15,13,10,160000,10,16,13,10,hex:2b7b2c5b7e7b217e3e5d5d2b3e00002d7d2c3e997b2b2b3e21002c7e3c2d2e7e,0 1 2 3 4 5 6 7 8 9,hex:ce7b2c5b7e217b7e3e7e3e2c5de52100d6213c2e21597b215d7b7d3e5d2d7e5b,0 1 2 3 4 5 6 7 8 9 10 11 12,hex:7b5be82c7e217b7e3e7e3e2b5d7d7b3e5d7d2b7e3c3c3c7b2b8a7e213c5b2e21,0 1 2 3 4 5 6 7 8 9 10 11 12,false,no rise in depth
5060,4897,capped,false,false,false,false,7,7,7,62000,7,12,10,7,110000,7,11,10,7,160000,7,9,10,7,hex:7b2b2c5b7e217b7e3e5d7d3e2b7e5b2d2b3c7e002c5b002b212e3e7e7e002d2c,0 1 2 3 4 5 6 7 8 9,hex:2e7b2c5b7e7b217e3e5d3c002b3e2e4e2c3e2c2c7b2d2b7d3e2d7d395d217b1e,0 1 2 3 4 5 6 7 8 9,hex:807b2c5b7e7b217e3e5d7d3c3c2e7e3e5b7d2d7ba90a3c2d3c3c212b7e00212d,0 1 2 3 4 5 6 7 8 9,false,no rise in depth
5061,4897,none,false,false,false,false,7,0,0,62000,0,6,3,-1,110000,0,5,0,0,160000,0,5,10,-1,hex:7e3e3c2b00003c215d213e2c7b5d3e3c2e002b7b2e3c7d003c7d5d3c7e2b2e7b,2 6 7,hex:2d3c237b213c00210021ba7d3c21865b2d2e3e3e7e7b3ea57e753c5b2e7b7edc,,hex:3c3e5b2b213c7d5b5b7e3c7e5b2c5b7bf53c002e2b7b2c213e002b5b5d2b2d3c,0 1 5 6 7 8 15 21 22 23,false,no rise in depth
5062,4898,rise,false,false,false,false,10,10,10,62000,2,7,8,2,110000,10,18,14,10,160000,10,14,14,10,hex:3c2e3c7e5b7e7b217b5d3c3c2c21002d2cf43c3e3c7e003c002d007b7e7b2e00,0 1 2 3 4 5 6 7,hex:7b5b2c5b007e7b217e3e7e3e2c5d2e5bdd3c1a5b2e5d2d2b5d7e7e2d7b7d2e5b,0 1 2 3 4 5 6 7 8 9 10 11 12 13,hex:7b005b2c9d7e7b217e3e7e3e2b5d5b212d2c007e2b3c7b563e212b2c3c5b7d7b,0 1 2 3 4 5 6 7 8 9 10 11 12 13,false,no rise in depth
5063,4898,capped,false,false,false,false,7,7,7,62000,2,7,8,1,110000,7,9,11,7,160000,7,11,11,7,hex:3c2e3c7e007e7d217b5d7d2b2b2d2d5b2dc17b7b7d2b2c2e21212b3c2b5b3c2d,0 1 2 3 4 5 6 7,hex:2c2e7b2c5b7e7b217e3e5d2c3c742c3e2e002c2d3e007e3c3e7e3e5d3c7e2c5b,0 1 2 3 4 5 6 7 8 9 10,hex:7b2c7b7e5b7e217b7e3e5d3c2e213c212b7e5d485e2d5b2c5b2b2d7b2b7da35b,0 1 2 3 4 5 6 7 8 9 10,false,no rise in depth
5064,4898,none,false,false,false,false,4,0,0,62000,0,7,1,0,110000,0,6,1,0,160000,none,,,-1,hex:21007d5b3c21002d2b212c7e2e7b7e2e3e3c217b2d2e045d5b3e7b217d5b7e5d,4,hex:2d7e3e2e7e3c212c7e7b002d7b2b2d5b217b3c2d3c7d2e067e002ca97b00217b,6,,,false,unread
5065,4899,rise,false,false,false,false,8,8,8,62000,0,6,2,0,110000,8,17,11,8,160000,8,16,11,8,hex:2e007d3c5b00217b7e007e9c5b2d2d3e5b2b3e3caf005d5d002b5b7e605d7f3c,3 6,hex:7b2c7e7b5b7e3e7e7b215d7b2c7d2b5b7b2d2c0a2c7d2c2e215d5b7d2e7b7e3e,0 1 2 3 4 5 6 7 8 9 10,hex:7b2c7e7b5b7e3e7e7b215d7d72272c2b5b007e7b002d3c2e7d2e5d7d7b7b7e7d,0 1 2 3 4 5 6 7 8 9 10,false,no rise in depth
5066,4899,capped,false,false,false,false,7,7,7,62000,0,7,2,0,110000,7,11,11,7,160000,7,9,11,7,hex:003c5b2e215d2b7b3e212e3e2b7d2b5d5b21002c872b7b212d21002e212c7e2d,1 4,hex:7b3c5b3e002c7e7b217e5d21437b5d322c3ef22c7e2b2c7e2b3e2c00003a2b00,0 1 2 3 4 5 6 7 8 9 10,hex:3c5b7b5b3e2c7e7b217e5d2c5b2b492e2d2c2e2e002e5d2c3e5d61217d7b3e2c,0 1 2 3 4 5 6 7 8 9 10,false,no rise in depth
5067,4899,none,false,false,false,false,4,0,0,62000,0,5,3,0,110000,none,,,-1,160000,none,,,-1,hex:005d2b5b3c217e2c2c2b2c2d112e3e2e5b7b212b1a0e3c2d2b5d5d21003e7e00,0 2 4,,,,,false,unread
5068,4906,rise,false,false,false,false,10,10,10,62000,2,6,8,3,110000,10,16,16,10,160000,10,15,16,10,hex:2c002e7b2c005b7e7b215d2d2c3e5b002c005d5d2d2b212c7b5d003c55217d3e,3 4 5 6 7 8 9 10,hex:2c002d7b5b2c007e7b217e3e7e3e2c5d007b3e3e3e002b2e7d2d003e21217d3e,0 1 2 3 4 5 6 7 8 9 10 11 12 13 14 15,hex:2c007b5b2d8d2c7e7b217e3e7e3e2c5d2d2b5d215d212d2c1b3e2b2d3c2b7b00,0 1 2 3 4 5 6 7 8 9 10 11 12 13 14 15,false,no rise in depth
5069,4906,capped,false,true,false,false,7,7,8,62000,2,6,9,2,110000,7,11,13,7,160000,8,11,15,8,hex:3c5b3e7b2c2c5b7e7b215d3e003e2105213e3c3c3c3d2b2c2b7d7e7b21212e21,1 2 3 5 6 7 8 9 10,hex:2d002e2d7b2c5b7e217b7e3e5d7d5b213e2d5b3c7b2d2d7b2d7b3e205d3e212d,0 1 2 3 4 5 6 7 8 9 10 11 12,hex:5b2e2e2e7b5b2c7e5b7b7e3e7e215d21007df83c3e7b2c5c2c217d2e212b555b,0 1 2 3 4 5 6 7 8 9 10 11 12 13 14,false,new code
5070,4906,none,false,false,false,false,4,0,0,62000,0,4,1,-1,110000,0,6,4,-1,160000,0,4,2,0,hex:213c7d5b3c217e2d2b215b2bd72b213e3e2d3e5d2b7d2e2c5b212e3e2c2e0a3d,5,hex:2d2d3e3e2c2e2e7e7b002b2d3e5b2b5b7e3c2d7b2c98f80bbd3c7b48be212c2c,7 16 17 29,hex:0000002d00002c7e2c2b3c2e213c7d7e2b212c21e57b7b5d215d5d2e3c007e7b,10 12,false,no rise in depth
5071,4907,rise,false,false,false,false,8,8,8,62000,8,11,20,8,110000,8,14,13,8,160000,8,13,13,8,hex:7b2b7d7b2c7e2e007b5b3e3c7e3e007e212c7b5d5d3c213e2d2e2e7e2c3c2c2b,0 1 2 3 4 5 6 7 8 9 10 11 12 13 14 15 16 17 18 19,hex:005b2b3c2b215d7b2d7e5b7b7e3e7e215d2e2e5d00215d3e5d7d3e5d5bcf2b7e,0 1 6 7 8 9 10 11 12 13 14 15 16,hex:005b2c2e7e005d7b2c7e5b7b7e3e7e215d7d5b7e2e3c7e7b7d213c2c00002b3c,0 1 6 7 8 9 10 11 12 13 14 15 16,false,no rise in depth
5072,4907,capped,false,false,false,false,8,8,8,62000,4,8,9,4,110000,8,9,12,8,160000,8,13,12,8,hex:7b2c7e005b7b217e5d3e7d3e743e2b7e2c7d2c002c7e00a57e212ded2e2c5b5e,0 1 2 3 4 5 6 7 8,hex:2c2e7b2c7e5b7b7e3e7e215d2e2b7e3e2c7d213c2c00002b2b7b7e7d7e2b3ea3,0 1 2 3 4 5 6 7 8 9 10 11,hex:2e2b7b2c7e5b7b7e3e7e215d5d3c2e5d7e2c7d7e2b7e3e2e213c2d2c2c3c5d2b,0 1 2 3 4 5 6 7 8 9 10 11,false,no rise in depth
5073,4907,none,false,false,false,false,4,0,0,62000,0,4,3,0,110000,0,4,2,-1,160000,0,4,5,0,hex:007b2e7d7e2d3c2e212b78eb5b2b2e7b7d212b2d3c2d00213c2c5b217b2b5b65,4 6 8,hex:2b2e003e2e2d2e7d3c7b3e7b4321007b2c213e5d3c2c5b5d5b5d2121213ecd7e,16 17,hex:7d5b5b7b2c3e3e3c7d00003c5b3c5d3e215df92c2b5b7e5d2e5d7e7e2e21c87b,12 13 14 15 16,false,no rise in depth
5074,4908,rise,false,false,false,false,8,8,8,62000,2,7,7,1,110000,8,12,11,8,160000,8,15,11,8,hex:7b2c7b5b217e5d2d005b2e3e5d5b3e2d3c2d2d5d7e5b3c333e5b5b5d7b2d3c4f,0 1 2 3 4 5 6,hex:2e7b2c7e5b7b7e3e7e215d4e2d007d002b3e5d7b7d7b922d007d2e2e7b7b3e2b,0 1 2 3 4 5 6 7 8 9 10,hex:2d7b2c7e5b7b7e3e7e215d3c7e5b7b2d7e2d007e7b2e7b3c7b5b3e36567bb62d,0 1 2 3 4 5 6 7 8 9 10,false,no rise in depth
5075,4908,capped,false,false,false,false,8,8,8,62000,2,8,5,2,110000,8,11,11,8,160000,8,12,11,8,hex:7b2c7e5b2c7b7e00217d2b2d2d2d5b2b21002b7d3c2d3e7e7e7e21007e3c0b7e,0 1 5 6 8,hex:7b002c7e5b7b7e3e7e215d7b5d217e2d2b2e5d3c2b7d215d212c2c7b007b485b,0 1 2 3 4 5 6 7 8 9 10,hex:2e7b2c7e5b7b7e3e7e215d003e2e2b617b5b2c003c3c7b2b2d2c3e5b7d2d5b2c,0 1 2 3 4 5 6 7 8 9 10,false,no rise in depth
5076,4908,none,false,false,false,false,3,0,0,62000,none,,,-1,110000,0,5,3,0,160000,0,5,2,-1,,,hex:2c3e7b2b2c213c2d3c2b2d2e002b000000214f7b21ef5b7d5d7b2e2c5b002e2d,2 4 5,hex:007d2b7d2100002b2d2c3c5b7b212b7e2e7d5b5b003c2d2d007d005b2c5b213e,10 13,false,no rise in depth
5077,4915,rise,false,false,false,false,10,10,10,62000,7,11,11,7,110000,10,16,14,10,160000,10,21,14,10,hex:2c7b2c5b7e218c7b7e3e5d2c2b5d002e21c42b2e5d3e2d3c7e003e5d7e7e2b2e,0 1 2 3 4 5 6 7 8 9 10,hex:7b5b2c2c7e21c67b7e3e7e3e2b5d3e7d3e7b2c6c2c2d2d7e215d5bb72c7d00ce,0 1 2 3 4 5 6 7 8 9 10 11 12 13,hex:7b2b5b2b2c7e217b7e3e7e3e2b5d2d007e7b2e2c7e3e2c2b7d7b2e7e213e7d2d,0 1 2 3 4 5 6 7 8 9 10 11 12 13,false,no rise in depth
5078,4915,capped,false,false,false,false,7,7,7,62000,7,11,11,7,110000,7,9,10,7,160000,7,10,10,7,hex:007b2d5b7e212c7b7e3e5d3c2e00e85b5d2b2d3c2b2c2a007e3c212e2e632b21,0 1 2 3 4 5 6 7 8 9 10,hex:2b7b2c5b7e7b217e3e5d3c5d3e675b7b7b2c21ab7b005d2d7d2d7d5b9d7b5d3c,0 1 2 3 4 5 6 7 8 9,hex:7b002c5b7e7b7e3e215d21213c2e2e887e5b5d5b2d7d7e7d2c2c2b215b822e7d,0 1 2 3 4 5 6 7 8 9,false,no rise in depth
5079,4915,none,false,false,false,false,4,0,0,62000,0,6,1,0,110000,0,5,3,0,160000,0,4,4,0,hex:7e3c7e3c2e212c5b3c217e7e3c2b5d2e7e3c002e247b5d7e7d3c21003e2e3c7b,5,hex:2c3c2b007b3c3c003e3e7e3c3c2e3c2c21005b7b26212c3e2c2c5d3e2b5d2c5d,8 9 15,hex:007d2c21217e7e007b212c2c3c5b2e5b2d2d2c213e2e7b217b2e7b5b3c5b2b2c,12 14 18 19,false,no rise in depth
5080,4916,rise,false,false,false,false,4,0,4,62000,0,7,1,0,110000,0,5,1,0,160000,4,8,9,4,hex:007b432b003c5b2c7e3c5b2e2c3c7d217e8cdc2e00003c3c2c21692e2e2b2b7d,15,hex:212c2e7b7d3c3cc3212d215b2c5d2e5d7d2b042d2e2e7b3c212c2ec52d7b7e2d,8,hex:2b5b3c2e3e7e21005d7d7dee002e212b3c2e7e7d7d217b7e5d882c5b7b2e3c7b,0 1 2 3 4 5 6 7 8,false,new code
5081,4916,capped,false,false,false,false,7,7,7,62000,0,6,3,0,110000,7,10,9,7,160000,7,13,9,7,hex:213e3c3c212b5d7bb0002b2d2e212b21212b3c7e2b2e2c212d002c217b2b7d7d,2 3 4,hex:7b2c5b7e7b217e3e5d932c5b2b7e2e7b2b7e7e2b3c7e2b3e5d2c7b212e5d3c5b,0 1 2 3 4 5 6 7 8,hex:7b2c5b7e7b217e3e5d5b3e215d2b7d3e5d2b2e5d9e7d5b3c3c5d3c7d3e005b3e,0 1 2 3 4 5 6 7 8,false,no rise in depth
5082,4916,none,false,false,false,false,4,0,0,62000,0,5,9,-1,110000,0,5,1,-1,160000,0,5,1,-1,hex:2b7e2d3e003e5b2d2d2c5b2d2e007b2c3cd0217e217b00583e2d7d2c7b3c7e5d,1 15 17 18 19 26 29 30 31,hex:7e5b7b7d2e3c2e21215d212b367e2c3c3e2b7d2b5b7e2c7e3e2b3e00215d3c2d,5,hex:7b3c21215d3e2e7b21007e7b7e3e852b3c214c2d217b3c2b216a7d7e21002b2e,1,false,no rise in depth
5083,4917,rise,false,false,false,false,10,10,10,62000,7,10,9,7,110000,10,14,12,10,160000,10,15,12,10,hex:7b2c5b7e217b7e3e5d7bd12b2e5b5b5b5b5d5b3e5d2b2e002e217d21007e7d7d,0 1 2 3 4 5 6 7 8,hex:7b2c5b7e7b217e3e7e3e2c5d7bf63e219c3e3c2b2100212b2c212b2e2d382b2c,0 1 2 3 4 5 6 7 8 9 10 11,hex:7b5b2c7e217b7e3e7e3e2c5d5d3c217b2d5d2d3c3e5b5d213e5d5b3b5b003e2e,0 1 2 3 4 5 6 7 8 9 10 11,false,no rise in depth
5084,4917,capped,false,false,false,false,7,7,7,62000,7,11,10,7,110000,7,14,9,7,160000,7,9,9,7,hex:7b2c5b7e7b217e3e175d7e2c257b5b2121002e2b21b3007b210000002c2c5b5b,0 1 2 3 4 5 6 7 8 9,hex:7b2c5b7e217b7e3e5d7e5d2c2d215b2c2c3e5b7e7d217b5d7e5b3c5bc42b3e00,0 1 2 3 4 5 6 7 8,hex:7b2c5b7e217b7e3e5d2e3c7d2c7d2b2d257b2e7d5b2d2d903e3e2d425b3c2174,0 1 2 3 4 5 6 7 8,false,no rise in depth
5085,4917,none,false,false,false,false,7,0,0,62000,none,,,0,110000,0,8,2,0,160000,0,4,5,0,,,hex:5b003c212d5d2e3e5d7e2c2c5d5b2e212b002c7b3c5d3c3e7e212e2e003e3c7b,2 3,hex:217e212d2d5b2c002e3c5b003c7b002c210b2e3e5d0000213c7d217b007e5d3c,9 10 12 13 16,false,no rise in depth
5086,4924,rise,false,false,false,false,10,10,10,62000,7,9,12,7,110000,10,14,15,10,160000,10,16,16,10,hex:2c2d7b2c5b8c7e7b217e3e5d2c2d7b5b7e5b2c5b5d7e3e3c2c2b2c2c3e3c005b,0 1 2 3 4 5 6 7 8 9 10 11,hex:2b2c2b7b2c5b7e217b7e3e7e3e2c5d2c7e5d5b2d5d2d2c2e2b215b3c7e2c5d3e,0 1 2 3 4 5 6 7 8 9 10 11 12 13 14,hex:187b5b2c2e007e217b7e3e7e3e2c2e5d217b5d7b2c212c582b2d3b212c2d5b7d,0 1 2 3 4 5 6 7 8 9 10 11 12 13 14 15,false,no rise in depth
5087,4924,capped,false,false,false,false,7,7,7,62000,7,9,12,7,110000,7,8,12,7,160000,7,10,12,7,hex:2b5b7b002c5b7e7b217e3e5d2d217e2e2c2c00d12d7b5d5b2e00952d7e3e0021,0 1 2 3 4 5 6 7 8 9 10 11,hex:00007b2c4a5b7e7b217e3e5d007e2d5d212b5d3c5b2d215b212c2e5d7d007d2b,0 1 2 3 4 5 6 7 8 9 10 11,hex:2e2e2c7b2c5b7e7b217e3e5d2c7b3c5d2c3e5d7e3c3e3c2b217d5d2e2c2b7b5b,0 1 2 3 4 5 6 7 8 9 10 11,false,no rise in depth
5088,4924,none,false,false,false,false,7,0,0,62000,0,4,2,0,110000,0,4,4,0,160000,0,5,1,0,hex:002c002b3c5b217d5d2c7b7d3c212c2c7e2b2e3ce17b7d3e7d002c7b2c5b2e21,4 6,hex:002c5d2d215b3e3c2b7e3c7b213c3c2b2be27d997e7d5b2c5b2b3c5b2b5d7d2e,0 3 10 12,hex:213c00213e2d7e2d3e2c2d7b00002c1f2c7e5b3e785d2d21003c7d21215b21a5,3,false,no rise in depth
5089,4925,rise,false,false,false,false,10,10,10,62000,0,6,3,0,110000,10,13,14,10,160000,10,14,14,10,hex:583c2e7d3e7b3c582d3c3e2d2c603c7e2c3c8a8871212e2b007e3c2c5b5b7e2d,4 10 21,hex:7b2b3c5b3e2c007e217b7e3e7e5d2c2e533c2d21003e5d2b3c7b3c2e213e2e21,0 1 2 3 4 5 6 7 8 9 10 11 12 13,hex:dfe03c7b5b3e2c7e217b7e3e7e5d5d7b7d2b7d212c7e215d2c7b3e002bc25b21,0 1 2 3 4 5 6 7 8 9 10 11 12 13,false,no rise in depth
5090,4925,capped,false,false,false,false,7,7,7,62000,0,6,0,0,110000,7,10,11,7,160000,7,10,11,7,hex:212e5b3c2e3e7e2e2121555b2d7d2d2c3c21002e7b3c7e3e2c7d2b2c7d2e7b3c,,hex:2d2b7b2c5b7e7b217e3e5d7e7e2e5d2b7e2b7d2b2e21005d2e3e7e3e2e7d2b7d,0 1 2 3 4 5 6 7 8 9 10,hex:2b2c7b2c5b7e7b217e3e5d7d7b3c3c7dd8217e215d5d7b2b7e7b217e2d2e2c5b,0 1 2 3 4 5 6 7 8 9 10,false,no rise in depth
5091,4925,none,false,false,false,false,4,0,0,62000,none,,,-1,110000,0,5,0,0,160000,0,6,1,-1,,,hex:2d2c7e2d7e3c2e217b2d3c213c2b7d3c3c5d2e912bfc5d3c7e7b523e7bdb7d3e,,hex:102d3c75217b3c3c3c3c215d3e5d7e2c215b7e00d42e5b2e7e213e2e3e005b5d,4,false,no rise in depth
5092,4926,rise,false,false,false,false,10,10,10,62000,0,8,3,0,110000,10,14,16,10,160000,10,16,16,10,hex:3e7e8f3c2100002b2c3c007e3c7e2c217d212b2d7d582d0021003c7d5d7b7d3c,1 3 4,hex:1a2e5b2c7b2c5b7e7b217e3e7e3e2c5d2d7e5d3c7d2d3c5b7b3e007d7d7d2b3c,0 1 2 3 4 5 6 7 8 9 10 11 12 13 14 15,hex:2e002e7b5b2c2e7e7b217e3e7e3e2c5d2c2e2d2b3c2b2d7b215b5d2b2e066c21,0 1 2 3 4 5 6 7 8 9 10 11 12 13 14 15,false,no rise in depth
5093,4926,capped,false,false,false,false,8,8,8,62000,0,6,1,0,110000,8,11,13,8,160000,8,10,14,8,hex:2b7b2c7e5b3c5b90212e7b5d2e2b212b3e2e2d5d7d3e5d4f2b70212d2c7d3468,8,hex:007b2c7e002e5b7b7e2e3e7e215d3c2b5d5b2c7b5b5b2b2d2d2d00007e2e2c5d,1 2 3 4 5 6 7 8 9 10 11 12 13,hex:2c2e2c7b2c7e5b5f7b7e3e7e215d7d2d3e2e7d5b2e7e2d7d9f2c5b7de65b2c5b,0 1 2 3 4 5 6 7 8 9 10 11 12 13,false,no rise in depth
5094,4926,none,false,false,false,false,4,0,0,62000,0,5,4,-1,110000,0,4,2,-1,160000,0,6,1,0,hex:3e3e212e5b3c7b215d2b7d2c212b7d7e7e003c5d5d002c3e3c3e967b313cf978,4 5 6 7,hex:283c7b5b2b5b2b003c1b213c2b7e3e7d7e5d7b2d2b5b7d7d5d2e2e5d3e213e7e,8 10,hex:21212c7b3c7b7b217d215d3c7d7e5d5b21212c5d5d3c2e2c567e5d2b7eda2d3e,4,false,no rise in depth
5095,4933,rise,false,false,false,false,10,10,10,62000,10,14,15,10,110000,10,18,14,10,160000,10,16,14,10,hex:5b7b5b2c007e7b7e003e7e3e212c5d2e7b2e3e77213e7d2d2c6e7d2c2b2c2c7b,0 1 2 3 4 5 6 7 8 9 10 11 12 13 14,hex:7b2b002c5b7e7b7e3e217e3e2c5d3c3e5b007e7d7b7b003e002d002d3c2bd55d,0 1 2 3 4 5 6 7 8 9 10 11 12 13,hex:7b002b5b2c7e7b7e3e217e3e2b5d2c3e007d212d3c2e003c3e2b217d007d2b7d,0 1 2 3 4 5 6 7 8 9 10 11 12 13,false,no rise in depth
5096,4933,capped,false,true,false,false,7,7,8,62000,7,10,10,7,110000,7,12,10,7,160000,8,12,10,8,hex:3e7b2d2c5b7e7b7e2e3e215d3e7d2b007e005d9f2b007e405d5d495d3a3e2e3e,1 3 4 5 6 7 8 9 10 11,hex:3c7b2e5b7b7e3e7e215d3e7ea25b2d2c3e5b7e2d7e3c2e2e3c7d2e7e5b2e3c2b,0 1 2 3 4 5 6 7 8 9,hex:7b2c7e5b7b7e3e7e215d7b3c2b2b2e7d5b3c2b7b3e3c2c5b2e5b2d3e7d7d5d21,0 1 2 3 4 5 6 7 8 9,false,co-option
5097,4933,none,false,false,false,false,4,0,0,62000,0,8,5,0,110000,0,5,1,-1,160000,0,6,3,0,hex:7d7b3e2e7b7e2c00217b7eba2c2e2d2c2d5b7d5b7b2b7b3e7d2e5d7d5d7b217d,1 2 4 6 8,hex:5b3cfa7dfe7d2e2e8721213e2d7d7b215d7d7b3e2c2e3c5b213c17005b3e2c5d,1,hex:3e005b7d5d005d2d7e7d3c3c7b5b217e5b2c2b132d3c7b2e5d7b2e2c7d7d7b2c,0 1 14,false,no rise in depth
5098,4934,rise,false,false,false,false,10,10,10,62000,7,11,12,7,110000,10,20,15,10,160000,10,13,15,10,hex:7bec2d2c5b7e00217b7e3e5d7b2c767e5b005b003e2100405b5b2c5b3e5d7b3e,0 1 2 3 4 5 6 7 8 9 10 11,hex:7b2c2b005b2c7e217b7e3e7e3e2b5de0003e7e2e7d7e2b5d7b5d3c2b3c7b3c7e,0 1 2 3 4 5 6 7 8 9 10 11 12 13 14,hex:2e5b7b5b2c5b7e217b7e3e7e3e2c5d7b3e3c2b7d5d5b5d0c7b21005d2d2d3c2d,0 1 2 3 4 5 6 7 8 9 10 11 12 13 14,false,no rise in depth
5099,4934,capped,false,true,false,false,7,7,8,62000,0,7,2,0,110000,7,8,11,7,160000,8,9,13,8,hex:5b3c212c2d2b2c3e5d217e3e3e3c2e5d2c2e7d7d2e5d2d3e00007b7b7dc12c2e,1 2,hex:002c7b2c5b7e217b7e3e5d2c3c2b7c2e5d002d2e007d7b3e213e002b3c2c7b7b,0 1 2 3 4 5 6 7 8 9 10,hex:2c2e2b7b2c7e5b7b7e3e7e215d3e7d7d5d3e2c2d2d5b7e2e007d2c21142b3e7e,0 1 2 3 4 5 6 7 8 9 10 11 12,false,new code
5100,4934,none,false,false,false,false,4,0,0,62000,0,4,9,-1,110000,0,5,2,0,160000,0,5,2,-1,hex:002d2b3e7b003e215b7b3c7e4a3c3e2e3c212d5bb13e217b5b5d3e2b212c7b3e,3 4 6 9 10 11 13 16 17,hex:512e3c2e212e3c2c7b2c5d2c3e77f07e7e002d2b7b7e7e7d00cb7e7b2cbf7e7e,2 4,hex:1d7e2b2c2d2d7d3c21005d7b2c7b2b5b5d2e3c002b5d3e3c2b7e7b2d002e2c2b,7 8,false,no rise in depth
5101,4935,rise,false,false,false,false,8,8,8,62000,0,5,3,0,110000,8,15,10,8,160000,8,12,10,8,hex:2b7b2c2e213e7d7e3e7e3c3e2d7b215d005b2e007d217d5d477b7b2b3e5d002e,1 2 4,hex:7b2c7e5b7b7e3e7e215d2d2100212b5b2c217b7d002b5b2b7e5b7d5d2c2b7d5b,0 1 2 3 4 5 6 7 8 9,hex:7b2c7e5b7b7e3e7e215d7b2df9002e7b3c217d2b3c7d7e3e7d3c7e212e5d5d5d,0 1 2 3 4 5 6 7 8 9,false,no rise in depth
5102,4935,capped,false,false,false,false,4,4,4,62000,0,7,2,0,110000,4,11,8,4,160000,4,9,8,4,hex:1f7d2e2b2d2c3c6f007d213e7d3e5b7b3e7e3e3e2b222b3c002c002d212d21ac,6 10,hex:5b5b3c2e3e7e215d2b5d2b2d3c2d2d215d2b2c7e5d2b5b3e5d7d5b2e5d2b5d2c,0 1 2 3 4 5 6 7,hex:2e5b3c2e3e7e215d2c212d5d21005d7b212c5b2c212e5b5d217b7e217e2c212b,0 1 2 3 4 5 6 7,false,no rise in depth
5103,4935,none,false,false,false,false,4,0,0,62000,none,,,-1,110000,0,7,2,0,160000,0,5,2,0,,,hex:2b7b672d7d213e3c3c5b217d2121212e7e2d5d3e3c5d3e2d2b5b2b215b2e7d5d,7 8,hex:3c7d212c2e7f2b2c2c7e7b005d7bee7b213c3e2c5d2e2e2b2d2d005b3c7b7d2c,0 2,false,no rise in depth
5104,4942,rise,false,false,false,false,10,10,10,62000,7,14,11,7,110000,10,16,14,10,160000,10,19,17,10,hex:2d7b2c5b007e7b217e3e5d3c5b2e7b7d3e5d217d722d2b7d457d5b7b17212b2c,0 1 2 3 4 5 6 7 8 9 10,hex:7b2c5b2b2c7e7b217e3e7e3e2b5d3e3e21213e7e2d5d7d5b212b5d2cc9212d2b,0 1 2 3 4 5 6 7 8 9 10 11 12 13,hex:7b5b5b5b2c7e7b217e3e7e3e2b3e003c5d2b003e7d7b2b5d5b3e7d214b00002c,0 1 2 3 4 5 6 7 8 9 10 11 12 13 14 15 16,false,no rise in depth
5105,4942,capped,false,false,false,false,7,7,7,62000,7,12,11,7,110000,7,9,10,7,160000,7,10,10,7,hex:2c7b2c005b7e7b217e3e5d3c7b3c5d2b3e5d2d2d3cb1212e002b2e7d7d7e3e7e,0 1 2 3 4 5 6 7 8 9 10,hex:7b3c5b3e2c7e7b217e5d5d2d2e3c5b7e2c5d5b212c5d000000905b7e005b7d48,0 1 2 3 4 5 6 7 8 9,hex:3c7b5b3e2c7e7b217e5d7e005d2d3c2e7d7e3c2d7e2e2e002c5d2e2c5b3e2c5d,0 1 2 3 4 5 6 7 8 9,false,no rise in depth
5106,4942,none,false,false,false,false,7,0,0,62000,0,5,2,-1,110000,0,7,0,-1,160000,0,5,9,0,hex:2e5b7d2b21213c6b2c7d7d2c212e3c5b213e5b3c3c2c46db2d3c7e212c007e2d,14 16,hex:3c3c7d7d7b21215b215b3c2c7e3e3c7b7d3e2d3e7b7d212c2d2e7b213e000b3c,,hex:002d002e7e5d7d2d2c215bd2213e7e3c2e5d2b5d3c7b7e2e7b7d7e2c212d0000,0 1 3 4 10 12 14 15 17,false,no rise in depth
5107,4943,rise,false,false,false,false,10,10,10,62000,7,13,13,7,110000,10,19,14,10,160000,10,15,14,10,hex:5b5b7b9f2c7e7b7e3e217d2b5d2e7b2e000e5b2d5b5b2d2c3e5b2c5b3e2d7d5d,0 1 2 3 4 5 6 7 8 9 10 11 12,hex:7b5b2c2e2c7e7b7e3e217e3e2c5de1213fcc212b2b002c7e3e3e173e3c2d2b7e,0 1 2 3 4 5 6 7 8 9 10 11 12 13,hex:7b5b782b2c7e7b7e3e217e3e2c5d2e5b3e002c003c582e002d5d002b2b217d7d,0 1 2 3 4 5 6 7 8 9 10 11 12 13,false,no rise in depth
5108,4943,capped,false,false,false,false,7,7,7,62000,0,7,2,0,110000,7,9,11,7,160000,7,8,11,7,hex:2d2b212b00212c7d3c213e3cd7002d3e7e2b3c7e2c2c5b212100005d2e21007d,8 9,hex:5b2c7b2c5b7e7b217e3e5d7e5d7dae7b7d2b3e5b215b7d5b322b2c3c3e7e2e00,0 1 2 3 4 5 6 7 8 9 10,hex:002c7b2c5b7e7b217e3e5d2e3c3e3e2b2c7b2b007e2e3c2e2d5b7d5d5d5b3e5b,0 1 2 3 4 5 6 7 8 9 10,false,no rise in depth
5109,4943,none,false,false,false,false,4,0,0,62000,0,4,0,0,110000,0,6,7,0,160000,none,,,0,hex:21002c2c7e3c3cdb213c3e7d7b3c217b5b7b212d3c7e3e5d2b5d217d7d5d212d,,hex:217b212d005b217e7b162c7e2b2d3e7b2d882b7d213e3e2b2c44212c7b2b2e2b,1 8 10 11 16 17 18,,,false,unread
5110,4944,rise,false,false,false,false,10,10,10,62000,6,10,11,6,110000,10,15,18,10,160000,10,15,15,10,hex:7b3e7b2c5b7e2e213c7e5d21212d2c217b5d5b3c002e3c133c21212d3e2e2b2e,0 1 2 3 4 5 6 7 8 9 10,hex:7b2c5b87b07e00217b7e3e7e3e2c2ed22c5d5d5b2c5b215b3e5d215d217e003c,0 1 2 3 4 5 6 7 8 9 10 11 12 13 14 15 16 17,hex:2e2d7b2b5b2c7e217b7e3e7e3e2c5d212c3e2e002c2b5b7bd83e3e2b5d003c2c,0 1 2 3 4 5 6 7 8 9 10 11 12 13 14,false,no rise in depth
5111,4944,capped,false,false,false,false,7,7,7,62000,6,7,11,6,110000,7,10,11,7,160000,7,10,11,7,hex:7b7b3e2c5b7e2e213c7e5d5b0b5d007d2c2c2baa2d7e2c7b2e983c2c3c2b7e7b,0 1 2 3 4 5 6 7 8 9 10,hex:7b2c7b7e5b7e7b217e3e5d3c5d7d2d007b3e5d7e2d7e3c3e2e2d5b2b004d3e2c,0 1 2 3 4 5 6 7 8 9 10,hex:2c5b7b2c5b7e7b217e3e5d2c7d2c3c5d00007e3c5b2d0099217d2c217e5d5d7d,0 1 2 3 4 5 6 7 8 9 10,false,no rise in depth
5112,4944,none,false,false,false,false,4,0,0,62000,0,5,4,-1,110000,0,6,2,0,160000,0,5,3,0,hex:7e212d212ebc2d3eae2b002e7b2d2e7e7e7d3e5b3c217d5d5b5d3e2b7dde7b7e,19 20 21 23,hex:3e3c2d2d2c3c0021212e3e5d007b3c2e2e7d002d2d5d3c5b7b5b2d211b7b5b5d,1 5,hex:5b3e7d7d213ca89c7b7d7d3c212c3e5b2d5d5b2b757d2b2d9a813e7e3c2e937d,5 11 12,false,no rise in depth
5113,4951,rise,false,false,false,false,8,8,8,62000,0,6,4,0,110000,8,16,13,8,160000,8,14,13,8,hex:7d3c2b2d2e003e3c007e7b5b005b21c8983c2b3e3e217d7e355d2b3e3c2e615d,1 2 3 7,hex:7b2c7e5b2e607b7e2c3e7e215d3c2d3c612e7d3c3e7d2c2d7b3c007e2e5b7b7b,0 1 2 3 4 5 6 7 8 9 10 11 12,hex:2cee7b2c7e5b7b7e2c3e7e215d3e2e5d7d7e7d7b2d2d7b3e7e2d3e6c3e2e003e,0 1 2 3 4 5 6 7 8 9 10 11 12,false,no rise in depth
5114,4951,capped,false,true,false,false,4,0,7,62000,0,6,2,0,110000,0,6,2,0,160000,7,10,12,7,hex:7e213c362d3c213c2d5d2c3c7b2e5d7d3e5d2e5d3e3e5d5b2b007b5b7d3e7d2d,5 6,hex:7b2d7b7d3b7b2c5b127d7d3c2e2c2b2c2c212e7d2c7b210021005d3c215d212b,11 17,hex:2b2c7b2cec5b7e7b217e3e5d7ddf3c2d007b7d3c007d2c2c7b3c2d2b002e2d7b,0 1 2 3 4 5 6 7 8 9 10 11,false,new code
5115,4951,none,false,false,false,false,4,0,0,62000,0,6,2,0,110000,0,4,0,0,160000,0,5,6,0,hex:21003c7d81217d962d212b5d003c5d2d2d5d7b7b3e3e2e2c7e7d7d7b7b7e562e,2 5,hex:002d2d002c2e2d7b7b2c3e2c213c217b005d5d2e2e2e5b5d2d213e2d2d217b2b,,hex:5b3c045d7d3e215d3c2b5d7e2b3c7d2c5b7e5b217d7edb2d007d2b2b7b212e7d,0 1 2 3 5 6,false,no rise in depth
5116,4952,rise,true,false,false,false,9,9,9,62000,2,14,8,2,110000,9,13,13,9,160000,9,19,13,9,hex:2c3c7b5b7b5b7e3e7e2100007b5d615d2b7b002c3c7d7b3e5b2e5b2b3e2d2d7d,1 2 3 4 5 6 8 9,hex:3c3c3c7b3c5b7e7e7b7e7b215d007b3e2e3eaf2d7d2c0c3c3e213c2e212d2d5b,0 1 2 3 4 5 6 7 8 9 10 11 12,hex:3c3c7b3c3c5b7e7e7b7e7b215d3e7e00002c3e7e002d7e7b3e7d2d16002b2d2c,0 1 2 3 4 5 6 7 8 9 10 11 12,false,no rise in depth
5117,4952,capped,true,true,false,false,5,0,7,62000,0,7,2,0,110000,0,6,7,0,160000,7,8,12,7,hex:3e2c7b7b7b7b2c2c7e3e5b215b7b2e7d7b2c2e3c2d7d217e003c2e7e7b2c5d00,8 11,hex:007b5d5b7e5d2c215b2b2b2b7d213e2d3c5b2c3e5b2d005b5d5b21f77e3c7b7e,0 1 2 3 5 6 7,hex:003c3e7b2c5b7e7b217e3e5d5b3ca52b002e3e2c7b2e2e412d2d002d5d5b2e2d,0 1 2 3 4 5 6 7 8 9 10 11,false,new code
5118,4952,none,true,false,false,false,5,0,0,62000,0,7,3,0,110000,0,6,4,0,160000,0,5,3,0,hex:7b3e2c4f210a2b7b7d8e3c7d3c2d2d3c2d3c7e2c5d2e2e5b2b213c005b7e152c,0 2 4,hex:5b3e007e2d7c7d7d3e7d212b5b7e3c5b217e5d5b2b3c5b2d2c7e107e7b2b5b3e,3 13 14 16,hex:3e7e2eef5b7d217e005b217d2b002d3c5d2c3c2e7d2b5d2e5d5b5b7d3e2e005b,10 15 16,false,no rise in depth
5119,4953,rise,false,false,false,false,7,7,7,62000,7,13,9,7,110000,7,10,9,7,160000,7,10,9,7,hex:7b3c5b7b7e3e7e215d5d3c2b2b212c2d5b0a2e2b7b213e2d9f7ea43e3e5d832b,0 1 2 3 4 5 6 7 8,hex:7b3c5b7b7e3e7e215d2b3c2b3c7d5d2c5d3b213e7d7e2121217bb12d2b5b7d20,0 1 2 3 4 5 6 7 8,hex:3c7b5b7b7e3e7e215d002e7d212b7e4a00002d5b3cde5b5d007d7d3c5d5b5d2d,0 1 2 3 4 5 6 7 8,false,no rise in depth
5120,4953,capped,false,false,false,false,7,7,7,62000,7,11,9,7,110000,7,11,9,7,160000,7,10,9,7,hex:7b3c5b7b7e3e7e215d0d2c2b003b2e2d5b2d5b7d5d2e3e7d5d2d7b217b7e3c2d,0 1 2 3 4 5 6 7 8,hex:3c7b5b7b7e3e7e215d2c2e3e7e7d7e7b002d7e3c2e212b2e2b215d2d7d2b002b,0 1 2 3 4 5 6 7 8,hex:3c7b5b7b7e3e7e215db12d2d5b213c5b2c001c7d7b2e2c7d5d7e7d5b2e215d2d,0 1 2 3 4 5 6 7 8,false,no rise in depth
5121,4953,none,false,false,false,false,4,0,0,62000,0,5,2,0,110000,0,5,2,0,160000,0,5,1,0,hex:2b7b2b2c3c2b2b213c217e5b5b2b2d263e3e7e5d2c2b5b7d2b2d947b5d5d7e2e,8 9,hex:3c212b212d7d7e5d5b2c2e3c7e7e7d002d5d3e2c3e002e2d5d3c5b7b7e2d2e3c,0 1,hex:3c7b002b7e2ce53e3e21837b2d5b7b2c213c3c2c2e213e5d5b7b3c7b2c7e3c7e,14,false,no rise in depth
5122,4960,rise,false,false,false,false,10,10,10,62000,7,11,9,7,110000,10,15,12,10,160000,10,14,12,10,hex:7b2c5b7e7b7e3e215df42e3e2b2c2b3e7b547e457b0000212d2b7d5b5dfe3c00,0 1 2 3 4 5 6 7 8,hex:7b2c5b7e7b7e3e217e3e2c5d21002b2d3c2b2e7e7d2e5b5b3e7e742b3e3c2d2d,0 1 2 3 4 5 6 7 8 9 10 11,hex:7b5b2c7e7b7e3e217e3e2c5d7d7d5b2c5d2c212e2d0b132d003e7e2d2c2d3e00,0 1 2 3 4 5 6 7 8 9 10 11,false,no rise in depth
5123,4960,capped,false,false,false,false,7,7,7,62000,7,9,9,7,110000,7,9,9,7,160000,7,8,10,7,hex:7b2c5b7e7b7e3e215d3e7b2d212d5d2b372c3c3e3e7b5be43e5b2d217d5b3c7b,0 1 2 3 4 5 6 7 8,hex:7b2c5b7e7b7e3e215d5d003c213e2c2d5b217e6c3e2d7b7e5b7b2b5b5b3c3e7b,0 1 2 3 4 5 6 7 8,hex:7b2c5b7e7b7e3e21005d3e2d7d3c007db4217e7e5b7b2d2b5d007d2ef53e2d21,0 1 2 3 4 5 6 7 8 9,false,no rise in depth
5124,4960,none,false,false,false,false,7,0,0,62000,0,5,4,-1,110000,0,4,7,0,160000,0,5,4,0,hex:2100557b7b7d2c215d7b7b7e7e2d2c57d25d7d7b5d5b2c002c503e7e2e7b212c,3 4 6 7,hex:007d212d002b2c7e7b2e7b5b7b2d3c3e85005d3c2c7d007d3c7a007b212c2e00,11 13 14 15 16 17 28,hex:2b2b2d212b2b293c2d2b7b21652c5d2b7b212d7d3c7e212d2d7d5d2e7b2ce02e,7 8 9 11,false,no rise in depth
5125,4961,rise,true,false,false,false,9,9,9,62000,9,11,13,9,110000,9,16,13,9,160000,9,12,13,9,hex:3c3c3c3c5b7b007e7e7b7e215d2b7e7d901a2c212e5b2d7d7b7b7e5d3c105d2e,0 1 2 3 4 5 6 7 8 9 10 11 12,hex:2c3c3c3c3c5b7b7e7e7b7e215d2d7e217b2e5d2e3e2e2c3c21005b212c7d212c,0 1 2 3 4 5 6 7 8 9 10 11 12,hex:2b3c3c3c3c5b7b7e7e7b7e215d2b2d7d7b5d217d005b3e7d5df4215b5b5b7d2e,0 1 2 3 4 5 6 7 8 9 10 11 12,false,no rise in depth
5126,4961,capped,true,false,false,false,8,8,8,62000,7,9,13,7,110000,8,9,11,8,160000,8,12,11,8,hex:2b7a3c7b5b7b7e98f43e7e215d2d003e7d5d7b7e7e7b2c7e7e7d2e7e2d2e5d3c,0 1 2 3 4 5 6 7 8 9 10 11 12,hex:2c7b2c7e5b7b7e3e7e215d3c1a7b7d7d3c7b2b5d2e2e2b613c2bd2002c2c7b7b,0 1 2 3 4 5 6 7 8 9 10,hex:007b2c7e5b7b7e3e7e215d007e3c7d7e7b2e3e3e21005d5d2b3e5d7d2c003e7b,0 1 2 3 4 5 6 7 8 9 10,false,no rise in depth
5127,4961,none,true,false,false,false,5,0,0,62000,0,6,15,0,110000,0,6,3,0,160000,0,5,2,0,hex:007b2d882e3c5b2c3c2c0b2b5b3c5d3c2b212b3c7d3e3c7d3e3c7d21df5d3e3e,0 2 3 4 9 11 12 14 19 21 22 24 25 26 27,hex:003c7d7e00213c3e402b7d3ccf5b212b3c7b2b3e7e2b7d5d217d7b002d3c2ed0,6 11 14,hex:00bb2bfd2e2e5b21212d2b212b3c217d5d2b5b5b3c7e7d0c3e2b2d7d3c212b2c,2 13,false,no rise in depth
5128,4962,rise,false,false,false,false,10,10,10,62000,7,9,9,7,110000,10,14,12,10,160000,10,16,12,10,hex:7b2c5b7e7b7e3e215d8d2e217e003c3c3e7e2e5d5df92b3c3c7d2de97e2d5b2c,0 1 2 3 4 5 6 7 8,hex:7b5b2c7e7b7e3e217e3e2b5d212d7b5d5b7b005b202d5d3c8b7ed95b2e7b7e21,0 1 2 3 4 5 6 7 8 9 10 11,hex:7b5b2c7e7b7e3e217e3e2c5dd42d003c5d2c5621fa5d7d7d2c7d217e005bee00,0 1 2 3 4 5 6 7 8 9 10 11,false,no rise in depth
5129,4962,capped,false,false,false,false,7,7,7,62000,7,8,9,7,110000,7,9,9,7,160000,7,11,9,7,hex:7b2c5b7e7b7e3e215d00212e2c7d445b7d212ebd217d003e70725b5b5d7d3c7b,0 1 2 3 4 5 6 7 8,hex:7b2c5b7e7b7e3e215d00215d3e7e212b3e2e005d3e217b2d5d3c3c3e2d215b2d,0 1 2 3 4 5 6 7 8,hex:7b2c5b7e7b7e3e215d5b2e2d212c7e215d7d217b5d212d213e3e5b3e7eb77b2d,0 1 2 3 4 5 6 7 8,false,no rise in depth
5130,4962,none,false,false,false,false,7,0,0,62000,0,5,3,0,110000,0,5,3,0,160000,0,6,18,0,hex:2c2b7d3c2d2c5b3c3e5b5b04747e7d3e3c2c7b3c5b217d2c5d7e2d5d7d5d3e5b,16 19 21,hex:2c7b2c215d7e3e7d7b7b3e7b3c5b3c5b2b2b21005d7d7b5b2e3e8e2b29213cd6,1 2 3,hex:2b3e5b2e2dc13c3eaf7e2c213c372b7b3e2b2d2c2bf62c2e7b2d5d5b2e2e7d3e,2 6 7 9 10 11 12 13 14 15 16 17 18 19 22 23 24 26,false,no rise in depth
5131,4969,rise,false,false,false,false,7,7,7,62000,7,10,12,7,110000,7,11,11,7,160000,7,13,11,7,hex:7b3c5b7b7e002e3e7e212e5d003e2e2d2c2b7b7e3c7d7e2b2e21215b5d2e7b2e,0 1 2 3 4 5 6 7 8 9 10 11,hex:7b3c5b7b7e05003e7e215d2e002c7b3e3e3c2d2b3c3e372e00982c217d2b3a5b,0 1 2 3 4 5 6 7 8 9 10,hex:7b2c5b7b7e2e2e3e7e215d3cf77d21912d7b007b002c21007eb32c5d212c5b5d,0 1 2 3 4 5 6 7 8 9 10,false,no rise in depth
5132,4969,capped,false,true,false,false,5,4,8,62000,0,6,7,0,110000,5,9,11,5,160000,8,12,11,8,hex:2c3c2b5b67213c2e002c7daf7e3c7d2b3e3e217d2e7d5d00002d5d7b5b2c2e3e,6 7 12 13 16 17 18,hex:2b005b3e7e7b7e212c005d607b7d217d7e003e2b212e5f2e3e7b5d7b5d004c7e,0 1 2 3 4 5 6 7 8 9 10,hex:e07b2c7e5b7b7e3e7e215d2d3e3c5d5d7d002d217b5b7b5d2c212b7d3e2e2c7d,0 1 2 3 4 5 6 7 8 9 10,false,co-option
5133,4969,none,false,false,false,false,4,0,0,62000,0,6,2,-1,110000,0,5,2,0,160000,0,4,3,0,hex:5b2d003c213c2b3ecc3e3e2b5d7e2e2b115b7e2e5d7b7e007d7d5b395b002c00,3 4,hex:002b002b3e2d3c002b3e5b2c7dcc212b7b3e7b7b7e503c7d215d5d002b3c7e5b,6 10,hex:2c3e902d3c3c7b212c2b2b7d2c2c003e7e3c2d2e7e7e2d2c2e2b005b7b2c7e3c,4 5 7,false,no rise in depth
5134,4970,rise,false,false,false,false,10,10,10,62000,7,13,10,7,110000,10,16,13,10,160000,10,14,14,10,hex:7b2c2c5b7e7b217e3e5d7e212b3c2d2d2b7d2b3e2b2c2e7b215d2b7e5d7bdb2c,0 1 2 3 4 5 6 7 8 9,hex:7b2b5b2c7e7b217e3e7e3e2c5d002e2d2b2d217d7e2c2e3c005d3c2eab7b5d2d,0 1 2 3 4 5 6 7 8 9 10 11 12,hex:7b2d5b2c7e7b217e3e7e3e2b005d2d3e5d7b7e002c2d2d5be85d2b2d2b3e2b2f,0 1 2 3 4 5 6 7 8 9 10 11 12 13,false,no rise in depth
5135,4970,capped,false,false,false,false,7,7,7,62000,4,7,10,4,110000,7,10,10,7,160000,7,11,10,7,hex:7b2c2e5b7ebc21007b5d2e7e5b2b2b8a2c21c47d7b212b7e217b3e7b7bc77d21,0 1 2 3 4 5 6 7 8 9,hex:2c7b2c5b7e217b7e3e5d3e007d3e2c3c7b3e3c002e3c2e5b5b7e5b7e2e3ed921,0 1 2 3 4 5 6 7 8 9,hex:7b2c2e5b7e7b217e3e5d2c7b00007d3e7d2c5d5b2b217e2e3e3c5b2d213e7b5b,0 1 2 3 4 5 6 7 8 9,false,no rise in depth
5136,4970,none,false,false,false,false,4,0,0,62000,0,5,3,0,110000,0,5,0,0,160000,none,,,-1,hex:2c2e7d7b2e3c825b217b2e2d285b2e2e2e7d7d7d5b5d7e7e1c7b7d2e002d7b2e,2 5 8,hex:2c3e3c2b7b2c213c2e002e213c2e7b2e2c2b2e3c007e005b2d3e2e217b5b5b2c,,,,false,unread
5137,4971,rise,false,true,false,false,7,0,10,62000,0,7,2,0,110000,7,8,13,7,160000,10,15,15,10,hex:2b3c2caa2b3e2b7b213c2d3c2121213e3c5b7e00212b2c5d5b3c7e217e7b7b3e,9 11,hex:2c7b2c007e5b5b7b217e3e7e5d2e7b2e21217b1c7d3e7d7e7e7b2c53217e5d2e,0 1 2 3 4 5 6 7 8 9 10 11 12,hex:2e2d5b7b5b2c7e7b217e3e7e3e2c5d723e2d7e052e7b7d3e7e2d7d2e7b2e2c3e,0 1 2 3 4 5 6 7 8 9 10 11 12 13 14,true,new code
5138,4971,capped,false,false,false,false,7,7,7,62000,0,5,4,0,110000,7,8,12,7,160000,7,8,12,7,hex:003c7e3c3e3c5b2d003c00217d3e2d7d7e3e003e002d5b2c7e3e7d2c3e2b5d2c,4 9 10 11,hex:2e2d3c7b5b3e2c7e217b7e5d2e2d5b7b2e7b2d213c3e3c5d212b5b002d5b2b2e,0 1 2 3 4 5 6 7 8 9 10 11,hex:5b2d3c7b5b3e2c7e7b217e5d2d5d7d2c3e7d2c5d002c2e7b2b7e2b2e5b5d7b7d,0 1 2 3 4 5 6 7 8 9 10 11,true,no rise in depth
5139,4971,none,false,false,false,false,3,0,0,62000,0,4,9,0,110000,0,5,2,0,160000,0,5,2,0,hex:213e2b7d2bf12c5b3c5b7d2e3e217d3c7e2d3c2d3c7d7d3c3c3e662d7d2c7d5d,9 12 13 20 21 22 23 24 31,hex:002e2d213c217d7b2e2d2c3c2d5b3e7b2d5d3e5b2c2b3e2b3c5d5b2d2b7d2e2e,4 5,hex:3c2e212e002b00212100005d213c7e7d757b3c2b3c008d2c3e3c7d2d007d212d,0 2,true,no rise in depth
5140,4978,rise,false,false,false,false,10,10,10,62000,10,18,12,10,110000,10,17,12,10,160000,10,13,12,10,hex:7b2c5b7e7b217e3e7e3e2c5d2d5d2d262b7d5b5d2e217b3c2e7d7e2b5d002d3c,0 1 2 3 4 5 6 7 8 9 10 11,hex:7b2c5b7e217b7e3e7e3e2c5d3e7e215d2e94002e5b2c5b2b7d00c92e5b7b2b5b,0 1 2 3 4 5 6 7 8 9 10 11,hex:7b5b2c7e7b217e3e7e3e2b5d007e2d3e2d215b2b2b7d5b2d7e005d3e2d7d3c5b,0 1 2 3 4 5 6 7 8 9 10 11,false,no rise in depth
5141,4978,capped,false,false,false,false,7,7,7,62000,7,10,9,7,110000,7,9,9,7,160000,7,8,9,7,hex:7b2c5b7e7b217e3e5d2b2c212d2d513e2b5d7e3c7b7d2cc62b3c7e7b212c3c5b,0 1 2 3 4 5 6 7 8,hex:7b2c5b7e7b217e3e5d2b3c7b217e2121002e2d2c7d5b217e007b3c21002de37d,0 1 2 3 4 5 6 7 8,hex:7b2c5b7e7b217e3e5d2b21292d2d5b2e2d21d8212b2b2e7b3c2b002c213e7d3e,0 1 2 3 4 5 6 7 8,false,no rise in depth
5142,4978,none,false,false,false,false,7,0,0,62000,0,6,2,0,110000,0,5,1,0,160000,0,5,0,0,hex:7e3c213c2d2b7e5d7e5b2c2d2c7d3e2b2d2c2d002d7e4a2b00002e2d2d21217b,1 2,hex:212e7d3c7b3e5b3e7e7d7d2d7e3c0021217e007e2b853c2b2d2c7d5d2d5d2e5b,13,hex:2e2b2d007d7d2c7b4a7e2b5b7b2e2e212d2d3c00212b007b2e7d2b3c213c7d7e,,false,no rise in depth
5143,4979,rise,true,false,false,false,10,10,10,62000,7,9,12,7,110000,10,16,16,10,160000,10,25,15,10,hex:7b2c3e3c5b5b7e7b217e3e5d7d7b3e212c2d002c2e7b5d2b00002e3c212b002b,0 1 2 3 4 5 6 7 8 9 10 11,hex:7b5b2d2b2c2c7e7b217e3e7e3e2b375d2e3c7b2e3e7b2d2c7b3c2b5d7d7b2b2e,0 1 2 3 4 5 6 7 8 9 10 11 12 13 14 15,hex:7b5b2d67742c7e7b217e3e7e3e2b5d5b7d7b2b7e7e2b7d7d2e2c2d213e007d3e,0 1 2 3 4 5 6 7 8 9 10 11 12 13 14,false,no rise in depth
5144,4979,capped,true,false,false,false,7,7,7,62000,5,7,10,7,110000,7,10,12,7,160000,7,10,12,7,hex:2b2b5b7b2c5b7e7b217e0e3e5d2d5b2b2c733c3c7d2b2d7ee75b44a53c2d5d5b,3 4 5 6 7 8 9 10 11 12,hex:2c2c007b2c5b7e7b217e3e5d5d2b7b002b2d007d5bb77ecd5d212e2c002d2e7e,0 1 2 3 4 5 6 7 8 9 10 11,hex:2c7b2c7e7b5b7e7b217e3e5d7b5b5b2c2d2c9b2b7e7b5d217b845d2c5d3e7b2b,0 1 2 3 4 5 6 7 8 9 10 11,false,no rise in depth
5145,4979,none,true,false,false,false,5,0,0,62000,0,6,2,0,110000,0,6,2,0,160000,0,8,0,0,hex:3c213e217e7d5b3e452d7e7d7b2e2b2d2e5d212b2c7d005b3e5b7e2d5be97d21,0 1,hex:722e2d003c2b3c21002e7d2e00005bf43c3c7d5dd02e2c5d5d243eaf7b3e3c7d,6 7,hex:3e215b3c3c7bb93c7b7e3e5b217e7b2b7d5b7e2c3c7b2c217e5d3e5b7d212c2e,,false,no rise in depth
5146,4980,rise,true,false,false,false,10,10,10,62000,0,7,2,0,110000,10,15,13,10,160000,10,14,14,10,hex:217d2b2b3ea12d7e2c7d7d7e5b9d2e14003c002b7b7b2d2da23c00217b3e2c2e,25 27,hex:7b5b2c7e7b217e003e7e3e2c5d2e5b2d7b597b5d33007e007b5d217d5b135b00,0 1 2 3 4 5 6 7 8 9 10 11 12,hex:7b5b2c7e217b7e673e7e3e2c2d5d005d2c3e2ea8b8002eed7e212c7d7b2b2e00,0 1 2 3 4 5 6 7 8 9 10 11 12 13,false,no rise in depth
5147,4980,capped,true,true,false,false,6,6,8,62000,0,6,2,0,110000,6,10,14,6,160000,8,9,14,8,hex:3c212b078e5d002b5b212ef37e2df22e2d2d7b2d7b7b3c2c6aa8003c3c2b2b2b,0 1,hex:5b2d5b7b7b5b3c7e3e7e7b7e215d2d00212b5b7b3e7d3e2d7e5d3e003c3c5d7e,0 1 2 3 4 5 6 7 8 9 10 11 12 13,hex:2b2b5bee7b2c7e5b7b7e3e7e215d2b7e2c7e7e2e7e217b2d2b7d84217b002e7d,0 1 2 3 4 5 6 7 8 9 10 11 12 13,false,co-option
5148,4980,none,true,false,false,false,5,0,0,62000,0,6,2,0,110000,0,6,3,0,160000,0,7,3,0,hex:3c7d212b2d3e7b2c2c5d21000d5b2e972c5b7d2b7e2c5b21005d003e7e2c2d2e,0 2,hex:21a95b213cc67d3c5d3e5b5d5b3e7b7b2c2e7da42e217b5d7e7b002d2c2e2e2b,2 3 8,hex:5b3e007f3c2b3c372e212d2b2d5b3c2e7d022b7e5b2d5d7b2c00cd7d7e5b0010,4 6 9,false,no rise in depth
5149,4987,rise,false,false,false,false,10,10,10,62000,10,18,16,10,110000,10,17,14,10,160000,10,16,14,10,hex:b27b2c5b2e7e7b7e3e217ede3e2d2c5d7d00cc2c3e5b7e2c3c2eed2b3c2b7d21,0 1 2 3 4 5 6 7 8 9 10 11 12 13 14 15,hex:5b7b2b5b2c7e7b7e3e217e3e2c5d3e2d3c2b2b7d2c002d3c3e003c2e7d7e7e2e,0 1 2 3 4 5 6 7 8 9 10 11 12 13,hex:7b7b7d5b2c7e7b7e3e217e3e2c5d7e5b5b2c3c7b5d2c002b9300eb7dc23e2d5b,0 1 2 3 4 5 6 7 8 9 10 11 12 13,false,no rise in depth
5150,4987,capped,false,true,false,false,7,7,8,62000,7,9,11,7,110000,7,11,11,7,160000,8,9,11,8,hex:2b7b2c2c5b7e7b7e3e215d2d7e3c2e2c007b003c7d7e7b7b3e21212c7e387e3c,0 1 2 3 4 5 6 7 8 9 10,hex:ae2c7b2c5b7e7b7e3e215d5d217621212c001a213e7b2c005b7e2c3c7d7d0e3c,0 1 2 3 4 5 6 7 8 9 10,hex:7b2c7e7b5b7e3e7e7b215d2b2d215d3b2c5e215b5d5d217e2c2b2e3e7d2c2e21,0 1 2 3 4 5 6 7 8 9 10,false,co-option
5151,4987,none,false,false,false,false,7,0,0,62000,0,5,2,-1,110000,0,7,2,-1,160000,0,4,1,0,hex:2c002d3c21002b2e5b005b21212d2e2c2b2edd2e2c892e7e5b007b2c2d212e3c,3 4,hex:2e3c215d3c5b2b7d7e002d5d5d2c7bf77b5d2c5b2b2c2b5b7df97d007d3e2c5b,1 2,hex:217b7b02000021215b5b5b2d2c217e215b7b3c7e5d3e612d3e2b002d007b7b5d,12,false,no rise in depth
5152,4988,rise,false,false,false,false,10,10,10,62000,6,7,11,2,110000,10,15,14,10,160000,10,24,14,10,hex:7b2c2e5b217e7b7e3e2c5d2c7e2d3e2d3e7d2d5d7d2c7e3e5d2b7d003e5b2b5b,0 1 2 3 4 5 6 7 8 9 10,hex:7b002b5b2c7e7b7e3e217e3e2b5d7b2c5b2c8f2c2b7d212e3e5b005b7d3c2d2e,0 1 2 3 4 5 6 7 8 9 10 11 12 13,hex:7b2c5b33007e7b7e3e217e3e2c5d215d7b2d7e7d2ebd7e217d007e7e7d3e2d3e,0 1 2 3 4 5 6 7 8 9 10 11 12 13,false,no rise in depth
5153,4988,capped,false,false,false,false,7,7,7,62000,1,7,5,1,110000,7,10,10,7,160000,7,10,10,7,hex:2e7b5b2c7ee97b7e3e215d5b5bcb213c2c7b7b2bb53c8f3e3c5d7d7d213c3e5b,1 3 4 7 9,hex:7b2c2c5b7e217b7e3e5d7d7b2d00007d3c7e21252d2da53e2d2d3e00212e212b,0 1 2 3 4 5 6 7 8 9,hex:7b0e2c5b7e7b217e3e5d5b2b56e4797e2c2bd82c005b2c7e5f2c7d7b2d7b217d,0 1 2 3 4 5 6 7 8 9,false,no rise in depth
5154,4988,none,false,false,false,false,3,0,0,62000,0,6,5,-1,110000,0,6,3,0,160000,0,5,4,0,hex:7e2e5b213e3c5b635b2e7e3c2e2b5b2d2e21de007b7b3e7e003e3c3e7e2e215d,11 13 14 15 17,hex:5b217b335b3e2c212d00007e212e2c3e3e4fc72e7e5b2d2e7b2e212d3e215b5b,2 6 7,hex:3e7b21213c007d2e3c212e2c2bab3c2b3e7e3c3e3e3c5d2c7e5b2d7b3c2d7e5b,4 6 8 9,false,no rise in depth
5155,4989,rise,false,false,false,false,10,10,10,62000,10,17,14,10,110000,10,14,14,10,160000,10,14,14,10,hex:2e007b2c5b7e217b7e3e7e3e2c5d215b2b3e002c002e002c5b2d7b213c213c7e,0 1 2 3 4 5 6 7 8 9 10 11 12 13,hex:2d2b7b5b2c7e217b7e3e7e3e2b5d5b7b212e7b002d7e213e2c085b003e7b5b5d,0 1 2 3 4 5 6 7 8 9 10 11 12 13,hex:93007b5b2c7e217b7e3e7e3e2b5dc43e7d2d5b2100212b2b213c7b2e2121213e,0 1 2 3 4 5 6 7 8 9 10 11 12 13,false,no rise in depth
5156,4989,capped,false,false,false,false,7,7,7,62000,7,10,11,7,110000,7,8,11,7,160000,7,10,11,7,hex:2b7b2c2e5b7e217b7e3e5d7b2d00553e7e2b002d2b5d2d5b3e5b5d2b6f7d7d00,0 1 2 3 4 5 6 7 8 9 10,hex:005d7b2c5b7e217b7e3e5d2b5b2d21702c2d2e2b7e5b213c3c2b7d3c5b7b2b3c,0 1 2 3 4 5 6 7 8 9 10,hex:2b2e7b2c5b7e217b7e3e5d7b3c7b7b7b702d3e215d005b5b3e2d5b5d215b217b,0 1 2 3 4 5 6 7 8 9 10,false,no rise in depth
5157,4989,none,false,false,false,false,7,0,0,62000,0,5,4,0,110000,0,4,3,0,160000,0,5,2,-1,hex:215b2d212b2b7d7b7b2c7d7b217b5b3e21783c2c2d7e5d5b217b3e3c5b2d7b7b,7 8 9 12,hex:2b2b2e7d2d2b5b7b7d2d215bbe2c212b3e7b3e7b00003c003c5d7e2c7e003e3c,13 14 25,hex:2c003c7d212d5d3c5d2b2d2c3c7d3e5d3c7e2b5b213e2e5d2e00007e7b2d5b7e,2 4,false,no rise in depth
5158,4996,rise,false,false,false,false,7,7,7,62000,7,11,9,7,110000,7,14,9,7,160000,7,12,9,7,hex:3c7b5b7b7e3e7e215d005b2c7b7de87b2c7b7e7e5d2e007e3e5b5b3e5b2d2b7e,0 1 2 3 4 5 6 7 8,hex:3c7b5b7b7e3e7e215d2e008a2d7b2c5d7bb37d2b5d7dd09a7d7daa2b7e2e3e7e,0 1 2 3 4 5 6 7 8,hex:3c7b5b7b7e3e7e215d2c2e3e5bc92c5d3c2b3e2d3c7e3c462b7e3c2e2100212c,0 1 2 3 4 5 6 7 8,false,no rise in depth
5159,4996,capped,false,false,false,false,7,7,7,62000,6,8,9,6,110000,7,10,9,7,160000,7,12,9,7,hex:002d5b7b7e3e7e215d002c7b217e7b2b7d7d7b3c3a049d6b3c3c2e2e7dfda12b,0 1 2 3 4 5 6 7 8,hex:7b3c5b7b7e3e7e215d215ba8005d5e00df5d7d7d007d7b2d2b7e647b7b3c3c34,0 1 2 3 4 5 6 7 8,hex:7b3c5b7b7e3e7e215d2c2c5b7e71213e2c2b2e007b3cfd7d7b2b5d7d7d2b2c00,0 1 2 3 4 5 6 7 8,false,no rise in depth
5160,4996,none,false,false,false,false,4,0,0,62000,0,5,1,-1,110000,0,5,2,0,160000,0,5,2,-1,hex:2c2e5b3c3c217d3e003c7d2b2b7e8e007e2e5b7d212b2c2e7e213e3c00002c3e,5,hex:213c217d002e3c3c003e7d7b667b7b7d7d2d7e215d5d2d7b003e7d7d7b2e5d7d,1 2,hex:2b5b2b0c2d2b7bb02b2c00217b72213c2e3c2e7d2d2d025b5b347b7b5b2e5b21,6 9,false,no rise in depth
5161,4997,rise,false,false,false,false,10,10,10,62000,7,11,12,7,110000,10,16,15,10,160000,10,17,15,10,hex:5b7b2c2c5b7e212c7b7e3e5d7b697d5b5d2b7d7d002e7e3e7b3c2c3c5b3e7d3c,0 1 2 3 4 5 6 7 8 9 10 11,hex:27007b5b002c7e217b7e3e7e3e2c5d7b5b2d2b2d7b7b0e7b2c2c000021212e2c,0 1 2 3 4 5 6 7 8 9 10 11 12 13 14,hex:2c2d5b7b5b2c7e217b7e3e7e3e2b5d3c5d2e217b3e2c2e3c2d2b5b00832d5b21,0 1 2 3 4 5 6 7 8 9 10 11 12 13 14,false,no rise in depth
5162,4997,capped,false,true,false,false,7,7,8,62000,4,7,8,4,110000,7,8,11,7,160000,8,12,10,8,hex:2c7b2c5b007e217b5d7d5b7e2c00212e7e2c5b3e7b002d2b3e002e7b5b3e3e2e,1 2 3 4 5 6 7 8,hex:2b2c7b2c5b7e7b217e3e5d7d3c3e21212188005d3e5d7b7e2c3e2d3e2c2d0c7b,0 1 2 3 4 5 6 7 8 9 10,hex:7b2c7e5b7b7e3e7e215d2b3c2100217d7b3c6bb37e3a2e2b5d3c2c7b00213ee7,0 1 2 3 4 5 6 7 8 9,false,co-option
5163,4997,none,false,false,false,false,4,0,0,62000,none,,,0,110000,0,4,5,-1,160000,0,4,4,0,,,hex:212b5b2d7d7b7e2e2c2d74007b003c7d3c7d2d2d2e3e2e212d3e7b7e7d3c2c2d,14 16 21 22 23,hex:005b2e2d7d3e7b5da73c5b2100217b5d2d7b2d7d705b7d217d2b5d2d94002b2c,0 1 7 9,false,no rise in depth
5164,4998,rise,false,false,false,false,9,8,8,62000,7,12,11,7,110000,8,13,12,8,160000,8,13,12,8,hex:7b5b3c7b7e3e7e00213e5d002e5b7e5b7e2c506d3e2d2dcf3e7b2c3e7b867e2e,0 1 2 3 4 5 6 7 8 9 10,hex:7b2c7e5b342e7b7e3e7e215d7e212b2c7d5b7e00002d215d3e7e5dbc5bde3c3e,0 1 2 3 4 5 6 7 8 9 10 11,hex:67007b2c7e5b7b7e3e7e215d2d2b3e7d002c5d5d7e7b7d2d2d7b2e5d7b217b00,0 1 2 3 4 5 6 7 8 9 10 11,false,no rise in depth
5165,4998,capped,false,true,false,false,7,7,8,62000,0,8,0,0,110000,7,10,12,7,160000,8,14,10,8,hex:2b2c7b7e3e3c773c7b00665b3c21002d2b00217b7e002c2e2b5b2d5d7b215d2d,,hex:3c7b5b2e7b7e3e7e21e62e5d3e2b213e7d2e7b2e2d5b332b2e5bcb2c00fc3c2d,0 1 2 3 4 5 6 7 8 9 10 11,hex:7b2c7e5b7b7e3e7e215dfb003e3c7e002d5d2b7b3c0021212d5b3e1b5b7d2c55,0 1 2 3 4 5 6 7 8 9,false,co-option
5166,4998,none,false,false,false,false,4,0,0,62000,0,5,4,0,110000,none,,,-1,160000,0,4,2,-1,hex:2b3c2d5b007b7d7e7ea32b7b2b7d5b2c2c5b213c00213e5d2c7d21fe2e5b7e2e,10 12 19 21,,,hex:2b7ea72c7b5b2d005b3c217d2c2b007b5d5d002b7e463c5d5d002d002e5d003e,9 10,false,unread
