run,rung,deep_epoch,deep_rung,last_lower,e_last,pre_world,post_world,dominant,dominant_credit,first_deep_solver,deep_credit,substitutions,edit_distance,multi_step,credited_order,neutral_or_better_order,fewest_of_these_to_deep,paths_k3_shortest,nearest_pre_world_tape,planted_tape,note,heritability,wiped,seeds
4845,xor,21870,xor,nor,21770,21000,22000,hex:3c2e3e5b7b7e3c7e217e2e213e2d7d7e5d3c2b2c7d2d2b2b7b213c5d7e002b62,orn+or+nor,hex:3c3e3c7b3c5b7e7b107e2e7d212b3e375d5b3e3c7d3c5b7e5b5b5b5d3c2e2b2d,orn+xor+equ,25,23,yes,no,no,more than 7,2,20,hex:3c3e3c7b3c5b7e7b107e2e7d212b3e375d5b3e3c7d3c5b7e5b5b5b5d3c2e2b2d,,Unresolved,8026,2001:7948/7832(e+500 control 8617) 2002:6483/6125(e+500 control 8611) 2003:7661/8099(e+500 control 8884)
4845,equ,21870,xor,nor,21770,21000,22000,hex:3c2e3e5b7b7e3c7e217e2e213e2d7d7e5d3c2b2c7d2d2b2b7b213c5d7e002b62,orn+or+nor,hex:3c3e3c7b3c5b7e7b107e2e7d212b3e375d5b3e3c7d3c5b7e5b5b5b5d3c2e2b2d,orn+xor+equ,25,23,yes,no,no,more than 7,2,20,hex:3c3e3c7b3c5b7e7b107e2e7d212b3e375d5b3e3c7d3c5b7e5b5b5b5d3c2e2b2d,,Unresolved,8003,2001:8302/8041(e+500 control 8724) 2002:6563/6317(e+500 control 8862) 2003:7907/8239(e+500 control 9083)
4862,xor,21700,equ,andn,21260,21000,22000,hex:7b2c5b7d7e1b7b8a217b7e2c2c5d00747d2e5b00052b3c143c5b7b2c002d2d5b,not+or+nor,hex:002e3c3c5b7b7e7e7e217b2c7b7e5d2b2c7e2c3e5b5b7b2b2e3c217e7e3e5b2c,nand+and+xor+equ,31,27,yes,no,no,more than 7,none within k,17,hex:002e3c3c5b7b7e7e7e217b2c7b7e5d2b2c7e2c3e5b5b7b2b2e3c217e7e3e5b2c,,Unresolved,6661,2001:7220/7046(e+500 control 7202) 2002:5601/5155(e+500 control 6663) 2003:6779/6356(e+500 control 6496)
4862,equ,21700,equ,andn,21260,21000,22000,hex:7b2c5b7d7e1b7b8a217b7e2c2c5d00747d2e5b00052b3c143c5b7b2c002d2d5b,not+or+nor,hex:002e3c3c5b7b7e7e7e217b2c7b7e5d2b2c7e2c3e5b5b7b2b2e3c217e7e3e5b2c,nand+and+xor+equ,31,27,yes,no,no,more than 7,none within k,17,hex:002e3c3c5b7b7e7e7e217b2c7b7e5d2b2c7e2c3e5b5b7b2b2e3c217e7e3e5b2c,,Unresolved,6492,2001:6671/7146(e+500 control 6763) 2002:5766/5222(e+500 control 5889) 2003:6976/6816(e+500 control 6851)
4863,xor,22690,equ,or,21760,21000,23000,hex:3c7b3c7e7b5b7b7e5a2c2e7e21212d212c215b3e2b7e00002d2c2c3c2b2c002e,nand+and,hex:3c2e3c7e5b7e7b7e219b7b7e7b7b5d5b643c877d2dc12c7b5d777e2100f42e2e,nand+xor+equ,25,25,yes,no,yes,5,3,21,hex:3c2e3c7e5b7e7b7e219b7b7e7b7b5d5b643c877d2dc12c7b5d777e2100f42e2e,,Unresolved,7997,2001:8016/8130(e+500 control 9119) 2002:6712/6544(e+500 control 9168) 2003:8256/7770(e+500 control 8790)
4863,equ,22690,equ,or,21760,21000,23000,hex:3c7b3c7e7b5b7b7e5a2c2e7e21212d212c215b3e2b7e00002d2c2c3c2b2c002e,nand+and,hex:3c2e3c7e5b7e7b7e219b7b7e7b7b5d5b643c877d2dc12c7b5d777e2100f42e2e,nand+xor+equ,25,25,yes,no,yes,5,3,21,hex:3c2e3c7e5b7e7b7e219b7b7e7b7b5d5b643c877d2dc12c7b5d777e2100f42e2e,,Unresolved,7976,2001:7969/8040(e+500 control 9178) 2002:6281/6527(e+500 control 8680) 2003:8044/8016(e+500 control 9094)
4871,xor,23180,xor,or,22010,22000,24000,hex:3c5b3c7b7b7e7d7e7b7e213e5d2c2d7b2100212b7e5b5b2e5b212b2e7e7e7e3e,not+orn+andn+nor,hex:3c5b3c7b7e7e3e7e7b7e213e245d84002c2e2d5d852b3c5d003e7b002b977b7d,not+xor+equ,22,21,yes,no,no,2,2,18,hex:3c5b3c7b7e7e3e7e7b7e213e245d84002c2e2d5d852b3c5d003e7b002b977b7d,,Unresolved,8601,2001:8694/8691(e+500 control 9737) 2002:7261/7162(e+500 control 9826) 2003:8770/8880(e+500 control 10043)
4871,equ,23180,xor,or,22010,22000,24000,hex:3c5b3c7b7b7e7d7e7b7e213e5d2c2d7b2100212b7e5b5b2e5b212b2e7e7e7e3e,not+orn+andn+nor,hex:3c5b3c7b7e7e3e7e7b7e213e245d84002c2e2d5d852b3c5d003e7b002b977b7d,not+xor+equ,22,21,yes,no,no,2,2,18,hex:3c5b3c7b7e7e3e7e7b7e213e245d84002c2e2d5d852b3c5d003e7b002b977b7d,,Unresolved,8402,2001:8584/8700(e+500 control 9407) 2002:6759/6953(e+500 control 9288) 2003:8685/8231(e+500 control 9507)
4890,xor,22880,equ,nor,22020,22000,23000,hex:00452c3e7b3e5b2c037b005b7e00217e7d5d7d2b777e2e3e3c2b2c3e21217b00,not+nand+equ,hex:002d2c3e7b3e2c2e2c5b7b5b7e00217e7d5d215d5b5d7d2d3c2d2cd77e7e7e00,not+nand+equ,17,16,yes,no,no,0 (dominant already deep),0 (dominant already deep),17,hex:5b007b3e2b3e2c7b7e7e3c5b7e2e217d5d3e7e2d2b2d215b7d7d2e3e7d217d2b,extension: xor's own first solver (e29000); the first deep solver carries equ only,Unresolved,4335,2001:2203/1575(e+500 control 251) 2002:2661/1598(e+500 control 426) 2003:2646/1758(e+500 control 567)
4890,equ,22880,equ,nor,22020,22000,23000,hex:00452c3e7b3e5b2c037b005b7e00217e7d5d7d2b777e2e3e3c2b2c3e21217b00,not+nand+equ,hex:002d2c3e7b3e2c2e2c5b7b5b7e00217e7d5d215d5b5d7d2d3c2d2cd77e7e7e00,not+nand+equ,17,16,yes,no,no,0 (dominant already deep),0 (dominant already deep),17,hex:002d2c3e7b3e2c2e2c5b7b5b7e00217e7d5d215d5b5d7d2d3c2d2cd77e7e7e00,,Unresolved,6259,2001:6332/6304(e+500 control 6511) 2002:6269/6119(e+500 control 6910) 2003:6415/6588(e+500 control 6969)
4952,xor,28220,equ,and,23960,23000,29000,hex:3c215b2e2d5b3c5b7e5b7e212e2d7e2c2c2c7b5b003c005d7ec8005d7b008000,echo+not+orn,hex:7b42063c3c5b7e7b7e212e3e7d5d5df37d3c2d2e212c2b2c2c7d2e213e2e5d21,orn+xor+equ,30,28,yes,no,no,more than 7,3,23,hex:7b42063c3c5b7e7b7e212e3e7d5d5df37d3c2d2e212c2b2c2c7d2e213e2e5d21,,Unresolved,7798,2001:7930/7579(e+500 control 8721) 2002:5932/6320(e+500 control 8299) 2003:7548/7779(e+500 control 9221)
4952,equ,28220,equ,and,23960,23000,29000,hex:3c215b2e2d5b3c5b7e5b7e212e2d7e2c2c2c7b5b003c005d7ec8005d7b008000,echo+not+orn,hex:7b42063c3c5b7e7b7e212e3e7d5d5df37d3c2d2e212c2b2c2c7d2e213e2e5d21,orn+xor+equ,30,28,yes,no,no,more than 7,3,23,hex:7b42063c3c5b7e7b7e212e3e7d5d5df37d3c2d2e212c2b2c2c7d2e213e2e5d21,,Unresolved,7781,2001:7960/7614(e+500 control 8432) 2002:6274/6447(e+500 control 8508) 2003:7552/7594(e+500 control 8517)
4961,xor,21630,xor,or,21250,21000,22000,hex:2c2d7b2c7e5b2e2e2e217d2e2b3c7ed57e5d7e00215b2c21863e3e2c4d2c2d7d,not+or,hex:2e7b2b2c7e7d2c5b213c5b2e5b3e7e7b7e2e2c7d215d5b5b5d2c2d5d5d2e2e2e,echo+orn+xor+equ,26,26,yes,no,no,more than 7,none within k,13,hex:2e7b2b2c7e7d2c5b213c5b2e5b3e7e7b7e2e2c7d215d5b5b5d2c2d5d5d2e2e2e,,Unresolved,8110,2001:8593/8312(e+500 control 9371) 2002:6755/6971(e+500 control 9496) 2003:8157/8500(e+500 control 9720)
4961,equ,21630,xor,or,21250,21000,22000,hex:2c2d7b2c7e5b2e2e2e217d2e2b3c7ed57e5d7e00215b2c21863e3e2c4d2c2d7d,not+or,hex:2e7b2b2c7e7d2c5b213c5b2e5b3e7e7b7e2e2c7d215d5b5b5d2c2d5d5d2e2e2e,echo+orn+xor+equ,26,26,yes,no,no,more than 7,none within k,13,hex:2e7b2b2c7e7d2c5b213c5b2e5b3e7e7b7e2e2c7d215d5b5b5d2c2d5d5d2e2e2e,,Unresolved,7759,2001:8240/8157(e+500 control 8953) 2002:6503/7005(e+500 control 8983) 2003:8481/8015(e+500 control 9185)
4979,equ,41480,equ,nand,40910,40000,42000,hex:7b2c7e3c7e5b7e7b217e2c7b5d3e7b2d5d2d2d2e2c5b5b3c3e5d00fe3c5d3e2b,not+nand+or+equ,hex:7b2c7e3c7e5b7e7b213c2c7b5d002b5b2d7e7b5d7b2d3e7d7b3e212c2c7d7d3e,not+nand+or+equ,20,18,yes,no,yes,0 (dominant already deep),0 (dominant already deep),13,hex:7b2c7e3c7e5b7e7b213c2c7b5d002b5b2d7e7b5d7b2d3e7d7b3e212c2c7d7d3e,,NotHeritable,2976,2001:73/251(e+500 control 422) 2002:589/759(e+500 control 692) 2003:55/167(e+500 control 128)
4980,equ,22720,equ,nor,22230,22000,23000,hex:2c7b2c1f2e2c7b7e5b5b7e2e21215daa217e5b00217b002c5b2117002e2e2e5b,orn+andn,hex:3e7b2c5b3e2c7b7e005b7e7d215d2e7d7b2d3e3e003e2c2e7e3c2c2e002c5d2d,not+orn+or+equ,24,22,yes,no,yes,4,3,15,hex:3e7b2c5b3e2c7b7e005b7e7d215d2e7d7b2d3e3e003e2c2e7e3c2c2e002c5d2d,,Unresolved,7152,2001:7138/6979(e+500 control 7786) 2002:7042/7372(e+500 control 8103) 2003:7582/7188(e+500 control 7898)
